scenario,p_true_if_proxy_positive,p_true_if_proxy_negative,method,pr_auc_mean,pr_auc_q025,pr_auc_median,pr_auc_q975,p_at_10_mean,p_at_10_q025,p_at_10_median,p_at_10_q975,pr_auc_winner_probability
audit_central,0.7544814340588988,0.34968314321926475,C2 Complexity,0.5717136250499416,0.48563955172166995,0.5712890289743315,0.6609020932602707,0.6137826086956522,0.43478260869565216,0.6086956521739131,0.782608695652174,0.37235
audit_central,0.7544814340588988,0.34968314321926475,Expert DevCARE-SE,0.5565501322122124,0.4706678724896343,0.5566069260349935,0.642481358004845,0.5781,0.391304347826087,0.5652173913043478,0.7391304347826086,0.0671
audit_central,0.7544814340588988,0.34968314321926475,Logistic Context,0.5682256736300849,0.48379577579737654,0.5681396953761082,0.6547113289395294,0.5255673913043478,0.34782608695652173,0.5217391304347826,0.6956521739130435,0.23965
audit_central,0.7544814340588988,0.34968314321926475,Hybrid Expert + Logistic,0.573985503210772,0.48941893352836563,0.5740212037734606,0.6612336280269524,0.5784326086956522,0.391304347826087,0.5652173913043478,0.7391304347826086,0.26375
audit_central,0.7544814340588988,0.34968314321926475,Random Forest Context,0.5461430769459847,0.46401523148287865,0.545400576987936,0.6328544057485612,0.5250608695652174,0.34782608695652173,0.5217391304347826,0.6956521739130435,0.05715
higher_label_quality,0.8770806658130602,0.22391816042006163,C2 Complexity,0.578820346405048,0.5061428243052862,0.5784740558428092,0.6542578341490073,0.649745652173913,0.5217391304347826,0.6521739130434783,0.782608695652174,0.39785
higher_label_quality,0.8770806658130602,0.22391816042006163,Expert DevCARE-SE,0.554408051987123,0.4804187672306526,0.5547998607349087,0.6256417803695071,0.5931021739130434,0.43478260869565216,0.6086956521739131,0.7391304347826086,0.01045
higher_label_quality,0.8770806658130602,0.22391816042006163,Logistic Context,0.5722588381276404,0.5005595659528608,0.5716908365528794,0.6460520616519676,0.5076826086956522,0.34782608695652173,0.5217391304347826,0.6521739130434783,0.1664
higher_label_quality,0.8770806658130602,0.22391816042006163,Hybrid Expert + Logistic,0.5821942970277835,0.5092935378869978,0.5823807749233592,0.6551241938891182,0.5932543478260869,0.43478260869565216,0.6086956521739131,0.7391304347826086,0.4196
higher_label_quality,0.8770806658130602,0.22391816042006163,Random Forest Context,0.5358994013168743,0.4666960710577878,0.5347305037805119,0.6107736859725793,0.5082347826086956,0.34782608695652173,0.5217391304347826,0.6521739130434783,0.0057
lower_label_quality,0.6266538625693555,0.49181604200615603,C2 Complexity,0.571020084554319,0.4809452900561272,0.5701309419288921,0.6636066397695269,0.5790782608695652,0.391304347826087,0.5652173913043478,0.782608695652174,0.29355
lower_label_quality,0.6266538625693555,0.49181604200615603,Expert DevCARE-SE,0.566083398906727,0.47666614008805713,0.5659450376354029,0.6571427238485501,0.5673521739130434,0.34782608695652173,0.5652173913043478,0.782608695652174,0.16835
lower_label_quality,0.6266538625693555,0.49181604200615603,Logistic Context,0.5699542081169046,0.48061575275237906,0.569809486602521,0.6610129357946872,0.5500978260869565,0.34782608695652173,0.5652173913043478,0.7391304347826086,0.22935
lower_label_quality,0.6266538625693555,0.49181604200615603,Hybrid Expert + Logistic,0.5718309873191448,0.48315231877197196,0.5715165981867081,0.6635030667897056,0.5675304347826088,0.34782608695652173,0.5652173913043478,0.782608695652174,0.1206
lower_label_quality,0.6266538625693555,0.49181604200615603,Random Forest Context,0.5632182840605857,0.4752795484485858,0.5624753393463516,0.654256029941838,0.5500021739130435,0.34782608695652173,0.5652173913043478,0.7391304347826086,0.18815
