repository_id,repository_name,pr_id,merged_at,outcome_proxy,is_right_censored,c1_code_churn,c2_method_complexity,c3_static_findings,c4_author_unfamiliarity,analyzable_file_count,test_file_count,analysis_error_file_count,test_file_ratio,analysis_error_ratio,directory_fallback_ratio,no_history_ratio,source_cohort,split
R09,R09,R09-P0001,2000-01-01T00:00:00+00:00,0,False,92.0,27.0,1.0,0.279057859703021,8,0,2,0.0,0.25,0.0,0.0,expansion_2026_07,train
R09,R09,R09-P0002,2000-01-02T00:00:00+00:00,0,False,254.0,54.0,0.0,0.2587551556055493,8,0,0,0.0,0.0,0.125,0.0,expansion_2026_07,train
R09,R09,R09-P0003,2000-01-03T00:00:00+00:00,0,False,98.0,31.0,0.0,0.2540816326530612,6,0,0,0.0,0.0,0.1666666666666666,0.0,expansion_2026_07,train
R09,R09,R09-P0004,2000-01-04T00:00:00+00:00,0,False,595.0,168.0,0.0,0.2765026010404161,14,0,0,0.0,0.0,0.3571428571428571,0.0,expansion_2026_07,train
R09,R09,R09-P0005,2000-01-05T00:00:00+00:00,1,False,26.0,9.0,0.0,1.0,2,0,0,0.0,0.0,0.0,1.0,expansion_2026_07,train
R09,R09,R09-P0006,2000-01-06T00:00:00+00:00,0,False,50.0,26.0,0.0,1.0,11,0,0,0.0,0.0,0.0,1.0,expansion_2026_07,train
R09,R09,R09-P0007,2000-01-07T00:00:00+00:00,1,False,711.0,145.0,0.0,0.2583834355986254,16,0,0,0.0,0.0,0.375,0.0,expansion_2026_07,train
R09,R09,R09-P0008,2000-01-08T00:00:00+00:00,1,False,8.0,4.0,0.0,1.0,2,0,0,0.0,0.0,0.0,1.0,expansion_2026_07,train
R09,R09,R09-P0009,2000-01-09T00:00:00+00:00,0,False,4.0,3.0,0.0,1.0,1,0,0,0.0,0.0,0.0,1.0,expansion_2026_07,train
R09,R09,R09-P0010,2000-01-10T00:00:00+00:00,0,False,6.0,5.0,0.0,1.0,2,0,0,0.0,0.0,0.0,1.0,expansion_2026_07,train
R09,R09,R09-P0011,2000-01-11T00:00:00+00:00,0,False,6.0,2.0,0.0,1.0,1,0,0,0.0,0.0,0.0,1.0,expansion_2026_07,train
R09,R09,R09-P0012,2000-01-12T00:00:00+00:00,1,False,51.0,46.0,0.0,1.0,5,0,0,0.0,0.0,0.0,1.0,expansion_2026_07,train
R09,R09,R09-P0013,2000-01-13T00:00:00+00:00,0,False,4.0,16.0,0.0,1.0,1,0,0,0.0,0.0,0.0,1.0,expansion_2026_07,train
R09,R09,R09-P0014,2000-01-14T00:00:00+00:00,0,False,152.0,115.0,0.0,0.3139941199151726,8,0,1,0.0,0.125,0.125,0.0,expansion_2026_07,train
R09,R09,R09-P0015,2000-01-15T00:00:00+00:00,0,False,9.0,17.0,0.0,0.25,1,0,0,0.0,0.0,0.0,0.0,expansion_2026_07,train
R09,R09,R09-P0016,2000-01-16T00:00:00+00:00,1,False,232.0,142.0,0.0,0.3310281672350638,12,0,1,0.0,0.0833333333333333,0.1666666666666666,0.0,expansion_2026_07,train
R09,R09,R09-P0017,2000-01-17T00:00:00+00:00,0,False,4.0,0.0,0.0,1.0,2,0,0,0.0,0.0,0.0,1.0,expansion_2026_07,train
R09,R09,R09-P0018,2000-01-18T00:00:00+00:00,0,False,850.0,192.0,0.0,1.0,15,0,0,0.0,0.0,0.0,1.0,expansion_2026_07,train
R09,R09,R09-P0019,2000-01-19T00:00:00+00:00,0,False,35.0,19.0,0.0,0.4137362637362637,3,0,0,0.0,0.0,0.3333333333333333,0.0,expansion_2026_07,validation
R09,R09,R09-P0020,2000-01-20T00:00:00+00:00,0,False,9.0,1.0,0.0,0.1428571428571428,1,0,0,0.0,0.0,0.0,0.0,expansion_2026_07,validation
R09,R09,R09-P0021,2000-01-21T00:00:00+00:00,0,False,889.0,191.0,0.0,0.3225221847269091,16,0,0,0.0,0.0,0.3125,0.0,expansion_2026_07,validation
R09,R09,R09-P0022,2000-01-22T00:00:00+00:00,0,False,269.0,143.0,1.0,0.3100800686302546,11,0,0,0.0,0.0,0.1818181818181818,0.0,expansion_2026_07,validation
R09,R09,R09-P0023,2000-01-23T00:00:00+00:00,0,False,1.0,1.0,0.0,0.1666666666666667,1,0,0,0.0,0.0,0.0,0.0,expansion_2026_07,validation
R09,R09,R09-P0024,2000-01-24T00:00:00+00:00,1,False,4850.0,646.0,0.0,0.2028429016573347,62,0,9,0.0,0.1451612903225806,0.4354838709677419,0.0,expansion_2026_07,validation
R09,R09,R09-P0025,2000-01-25T00:00:00+00:00,0,False,46.0,85.0,0.0,0.0780726519856954,7,0,0,0.0,0.0,0.0,0.0,expansion_2026_07,validation
R09,R09,R09-P0026,2000-01-26T00:00:00+00:00,0,False,10.0,8.0,0.0,1.0,2,0,0,0.0,0.0,0.0,1.0,expansion_2026_07,test
R09,R09,R09-P0027,2000-01-27T00:00:00+00:00,0,False,1.0,3.0,0.0,1.0,1,0,0,0.0,0.0,0.0,1.0,expansion_2026_07,test
R09,R09,R09-P0028,2000-01-28T00:00:00+00:00,0,False,8.0,3.0,0.0,1.0,1,0,0,0.0,0.0,0.0,1.0,expansion_2026_07,test
R09,R09,R09-P0029,2000-01-29T00:00:00+00:00,0,False,2.0,13.0,0.0,0.1,1,0,0,0.0,0.0,0.0,0.0,expansion_2026_07,test
R09,R09,R09-P0030,2000-01-30T00:00:00+00:00,0,False,9.0,12.0,0.0,1.0,1,0,0,0.0,0.0,0.0,1.0,expansion_2026_07,test
R09,R09,R09-P0031,2000-01-31T00:00:00+00:00,0,False,2.0,4.0,0.0,1.0,1,0,0,0.0,0.0,0.0,1.0,expansion_2026_07,test
R09,R09,R09-P0032,2000-02-01T00:00:00+00:00,0,False,56.0,10.0,0.0,0.0597572362278244,2,0,0,0.0,0.0,0.0,0.0,expansion_2026_07,test
R09,R09,R09-P0033,2000-02-02T00:00:00+00:00,0,False,20.0,28.0,0.0,0.0833333333333333,1,0,0,0.0,0.0,0.0,0.0,expansion_2026_07,test
R09,R09,R09-P0034,2000-02-03T00:00:00+00:00,0,False,91.0,70.0,0.0,0.0337207988749995,5,0,0,0.0,0.0,0.2,0.0,expansion_2026_07,test
R09,R09,R09-P0035,2000-02-04T00:00:00+00:00,0,False,87.0,39.0,0.0,1.0,2,0,0,0.0,0.0,0.0,1.0,expansion_2026_07,test
R09,R09,R09-P0036,2000-02-05T00:00:00+00:00,0,False,228.0,173.0,0.0,0.0558599202181784,19,0,0,0.0,0.0,0.1052631578947368,0.0,expansion_2026_07,test
R10,R10,R10-P0001,2000-01-01T00:00:00+00:00,0,False,543.0,29.0,0.0,1.0,5,0,0,0.0,0.0,0.0,1.0,expansion_2026_07,train
R10,R10,R10-P0002,2000-01-02T00:00:00+00:00,0,False,351.0,22.0,0.0,0.5,2,0,0,0.0,0.0,0.0,0.0,expansion_2026_07,train
R10,R10,R10-P0003,2000-01-03T00:00:00+00:00,0,False,143.0,13.0,1.0,0.5,3,0,0,0.0,0.0,0.0,0.0,expansion_2026_07,train
R10,R10,R10-P0004,2000-01-04T00:00:00+00:00,0,False,174.0,11.0,0.0,0.4379310344827587,4,0,0,0.0,0.0,0.0,0.0,expansion_2026_07,train
R10,R10,R10-P0005,2000-01-05T00:00:00+00:00,0,False,498.0,30.0,1.0,1.0,4,0,0,0.0,0.0,0.0,1.0,expansion_2026_07,train
R10,R10,R10-P0006,2000-01-06T00:00:00+00:00,1,False,606.0,38.0,0.0,0.4468085106382979,16,0,8,0.0,0.5,0.0,0.0,expansion_2026_07,train
R10,R10,R10-P0007,2000-01-07T00:00:00+00:00,0,False,91.0,11.0,0.0,1.0,2,0,0,0.0,0.0,0.0,1.0,expansion_2026_07,train
R10,R10,R10-P0008,2000-01-08T00:00:00+00:00,0,False,421.0,34.0,0.0,0.5,3,0,1,0.0,0.3333333333333333,0.0,0.0,expansion_2026_07,train
R10,R10,R10-P0009,2000-01-09T00:00:00+00:00,0,False,144.0,8.0,1.0,0.5,2,0,0,0.0,0.0,0.0,0.0,expansion_2026_07,train
R10,R10,R10-P0010,2000-01-10T00:00:00+00:00,0,False,376.0,47.0,2.0,0.5053191489361702,9,0,0,0.0,0.0,0.0,0.1111111111111111,expansion_2026_07,train
R10,R10,R10-P0011,2000-01-11T00:00:00+00:00,0,False,191.0,21.0,0.0,1.0,5,0,0,0.0,0.0,0.0,1.0,expansion_2026_07,train
R10,R10,R10-P0012,2000-01-12T00:00:00+00:00,0,False,162.0,8.0,0.0,1.0,1,0,0,0.0,0.0,0.0,1.0,expansion_2026_07,train
R10,R10,R10-P0013,2000-01-13T00:00:00+00:00,1,False,446.0,32.0,0.0,0.5,5,0,0,0.0,0.0,0.0,0.0,expansion_2026_07,train
R10,R10,R10-P0014,2000-01-14T00:00:00+00:00,1,False,11.0,5.0,0.0,1.0,1,0,0,0.0,0.0,0.0,1.0,expansion_2026_07,train
R10,R10,R10-P0015,2000-01-15T00:00:00+00:00,0,False,185.0,8.0,3.0,1.0,1,0,0,0.0,0.0,0.0,1.0,expansion_2026_07,train
R10,R10,R10-P0016,2000-01-16T00:00:00+00:00,1,False,196.0,16.0,0.0,0.5,4,0,0,0.0,0.0,0.0,0.0,expansion_2026_07,train
R10,R10,R10-P0017,2000-01-17T00:00:00+00:00,1,False,255.0,6.0,0.0,1.0,1,0,0,0.0,0.0,0.0,1.0,expansion_2026_07,train
R10,R10,R10-P0018,2000-01-18T00:00:00+00:00,0,False,75.0,10.0,1.0,0.3333333333333333,1,0,0,0.0,0.0,0.0,0.0,expansion_2026_07,train
R10,R10,R10-P0019,2000-01-19T00:00:00+00:00,1,False,1105.0,121.0,2.0,1.0,11,0,0,0.0,0.0,0.0,1.0,expansion_2026_07,train
R10,R10,R10-P0020,2000-01-20T00:00:00+00:00,1,False,153.0,2.0,0.0,1.0,3,0,1,0.0,0.3333333333333333,0.0,1.0,expansion_2026_07,train
R10,R10,R10-P0021,2000-01-21T00:00:00+00:00,0,False,42.0,1.0,0.0,1.0,1,0,0,0.0,0.0,0.0,1.0,expansion_2026_07,train
R10,R10,R10-P0022,2000-01-22T00:00:00+00:00,1,False,377.0,44.0,0.0,1.0,9,0,2,0.0,0.2222222222222222,0.0,1.0,expansion_2026_07,train
R10,R10,R10-P0023,2000-01-23T00:00:00+00:00,1,False,294.0,33.0,0.0,0.8163265306122449,3,0,1,0.0,0.3333333333333333,0.3333333333333333,0.3333333333333333,expansion_2026_07,train
R10,R10,R10-P0024,2000-01-24T00:00:00+00:00,0,False,56.0,31.0,0.0,0.5,1,0,0,0.0,0.0,0.0,0.0,expansion_2026_07,train
R10,R10,R10-P0025,2000-01-25T00:00:00+00:00,0,False,7.0,5.0,0.0,1.0,1,0,0,0.0,0.0,0.0,1.0,expansion_2026_07,train
R10,R10,R10-P0026,2000-01-26T00:00:00+00:00,0,False,10.0,8.0,0.0,1.0,1,0,0,0.0,0.0,0.0,1.0,expansion_2026_07,train
R10,R10,R10-P0027,2000-01-27T00:00:00+00:00,0,False,4.0,1.0,0.0,1.0,1,0,0,0.0,0.0,0.0,1.0,expansion_2026_07,train
R10,R10,R10-P0028,2000-01-28T00:00:00+00:00,0,False,9.0,17.0,0.0,1.0,1,0,0,0.0,0.0,0.0,1.0,expansion_2026_07,train
R10,R10,R10-P0029,2000-01-29T00:00:00+00:00,0,False,117.0,2.0,0.0,0.5,1,0,0,0.0,0.0,0.0,0.0,expansion_2026_07,train
R10,R10,R10-P0030,2000-01-30T00:00:00+00:00,0,False,15.0,3.0,3.0,0.5,1,0,0,0.0,0.0,0.0,0.0,expansion_2026_07,train
R10,R10,R10-P0031,2000-01-31T00:00:00+00:00,0,False,2.0,8.0,0.0,0.5,1,0,0,0.0,0.0,0.0,0.0,expansion_2026_07,train
R10,R10,R10-P0032,2000-02-01T00:00:00+00:00,0,False,6.0,0.0,1.0,0.5,3,0,0,0.0,0.0,0.0,0.0,expansion_2026_07,train
R10,R10,R10-P0033,2000-02-02T00:00:00+00:00,0,False,117.0,26.0,0.0,0.5,1,0,0,0.0,0.0,0.0,0.0,expansion_2026_07,train
R10,R10,R10-P0034,2000-02-03T00:00:00+00:00,0,False,17.0,20.0,0.0,0.5,1,0,0,0.0,0.0,0.0,0.0,expansion_2026_07,train
R10,R10,R10-P0035,2000-02-04T00:00:00+00:00,0,False,42.0,6.0,0.0,0.5,1,0,0,0.0,0.0,0.0,0.0,expansion_2026_07,train
R10,R10,R10-P0036,2000-02-05T00:00:00+00:00,1,False,148.0,6.0,1.0,1.0,1,0,0,0.0,0.0,0.0,1.0,expansion_2026_07,train
R10,R10,R10-P0037,2000-02-06T00:00:00+00:00,0,False,30.0,2.0,0.0,0.5,1,0,0,0.0,0.0,0.0,0.0,expansion_2026_07,train
R10,R10,R10-P0038,2000-02-07T00:00:00+00:00,1,False,196.0,18.0,0.0,0.5,1,0,0,0.0,0.0,0.0,0.0,expansion_2026_07,train
R10,R10,R10-P0039,2000-02-08T00:00:00+00:00,1,False,176.0,3.0,0.0,0.5,1,0,0,0.0,0.0,0.0,0.0,expansion_2026_07,train
R10,R10,R10-P0040,2000-02-09T00:00:00+00:00,1,False,25.0,26.0,1.0,0.5,3,0,0,0.0,0.0,0.0,0.0,expansion_2026_07,train
R10,R10,R10-P0041,2000-02-10T00:00:00+00:00,0,False,98.0,11.0,0.0,0.5,1,0,0,0.0,0.0,0.0,0.0,expansion_2026_07,train
R10,R10,R10-P0042,2000-02-11T00:00:00+00:00,1,False,64.0,14.0,0.0,0.5,1,0,0,0.0,0.0,0.0,0.0,expansion_2026_07,train
R10,R10,R10-P0043,2000-02-12T00:00:00+00:00,1,False,2.0,21.0,0.0,0.5,1,0,0,0.0,0.0,0.0,0.0,expansion_2026_07,train
R10,R10,R10-P0044,2000-02-13T00:00:00+00:00,1,False,2.0,21.0,0.0,0.5,1,0,0,0.0,0.0,0.0,0.0,expansion_2026_07,train
R10,R10,R10-P0045,2000-02-14T00:00:00+00:00,1,False,19.0,10.0,0.0,0.3333333333333333,1,0,0,0.0,0.0,0.0,0.0,expansion_2026_07,train
R10,R10,R10-P0046,2000-02-15T00:00:00+00:00,1,False,247.0,34.0,0.0,0.52834008097166,2,0,0,0.0,0.0,0.0,0.5,expansion_2026_07,train
R10,R10,R10-P0047,2000-02-16T00:00:00+00:00,1,False,3.0,1.0,0.0,0.5,1,0,0,0.0,0.0,0.0,0.0,expansion_2026_07,train
R10,R10,R10-P0048,2000-02-17T00:00:00+00:00,1,False,92.0,1.0,1.0,0.5,2,1,0,0.5,0.0,0.0,0.0,expansion_2026_07,train
R10,R10,R10-P0049,2000-02-18T00:00:00+00:00,1,False,9.0,12.0,1.0,0.5,1,0,0,0.0,0.0,0.0,0.0,expansion_2026_07,train
R10,R10,R10-P0050,2000-02-19T00:00:00+00:00,1,False,132.0,8.0,0.0,0.5,1,0,0,0.0,0.0,0.0,0.0,expansion_2026_07,train
R10,R10,R10-P0051,2000-02-20T00:00:00+00:00,1,False,103.0,14.0,1.0,0.5,1,0,0,0.0,0.0,0.0,0.0,expansion_2026_07,train
R10,R10,R10-P0052,2000-02-21T00:00:00+00:00,1,False,375.0,131.0,0.0,0.5413333333333333,9,0,0,0.0,0.0,0.2222222222222222,0.4444444444444444,expansion_2026_07,train
R10,R10,R10-P0053,2000-02-22T00:00:00+00:00,1,False,245.0,49.0,0.0,0.5,1,0,0,0.0,0.0,0.0,0.0,expansion_2026_07,train
R10,R10,R10-P0054,2000-02-23T00:00:00+00:00,1,False,109.0,19.0,0.0,0.5275229357798165,3,0,0,0.0,0.0,0.3333333333333333,0.3333333333333333,expansion_2026_07,train
R10,R10,R10-P0055,2000-02-24T00:00:00+00:00,1,False,196.0,1.0,2.0,0.5,1,0,0,0.0,0.0,0.0,0.0,expansion_2026_07,train
R10,R10,R10-P0056,2000-02-25T00:00:00+00:00,0,False,4.0,2.0,0.0,0.3333333333333333,1,0,0,0.0,0.0,0.0,0.0,expansion_2026_07,train
R10,R10,R10-P0057,2000-02-26T00:00:00+00:00,1,False,117.0,1.0,2.0,0.5,1,0,0,0.0,0.0,0.0,0.0,expansion_2026_07,train
R10,R10,R10-P0058,2000-02-27T00:00:00+00:00,1,False,129.0,0.0,1.0,0.5,1,0,1,0.0,1.0,0.0,0.0,expansion_2026_07,train
R10,R10,R10-P0059,2000-02-28T00:00:00+00:00,1,False,66.0,0.0,1.0,0.25,1,0,1,0.0,1.0,0.0,0.0,expansion_2026_07,train
R10,R10,R10-P0060,2000-02-29T00:00:00+00:00,1,False,82.0,0.0,1.0,0.5,1,0,1,0.0,1.0,0.0,0.0,expansion_2026_07,train
R10,R10,R10-P0061,2000-03-01T00:00:00+00:00,1,False,75.0,43.0,0.0,0.5,2,0,0,0.0,0.0,0.0,0.0,expansion_2026_07,train
R10,R10,R10-P0062,2000-03-02T00:00:00+00:00,1,False,735.0,62.0,4.0,1.0,1,0,0,0.0,0.0,0.0,1.0,expansion_2026_07,train
R10,R10,R10-P0063,2000-03-03T00:00:00+00:00,1,False,141.0,3.0,0.0,0.5,1,0,0,0.0,0.0,0.0,0.0,expansion_2026_07,train
R10,R10,R10-P0064,2000-03-04T00:00:00+00:00,0,False,4.0,2.0,0.0,0.5,1,0,0,0.0,0.0,0.0,0.0,expansion_2026_07,train
R10,R10,R10-P0065,2000-03-05T00:00:00+00:00,1,False,69.0,40.0,0.0,1.0,2,0,0,0.0,0.0,0.0,1.0,expansion_2026_07,train
R10,R10,R10-P0066,2000-03-06T00:00:00+00:00,0,False,408.0,49.0,0.0,0.5,1,0,0,0.0,0.0,0.0,0.0,expansion_2026_07,train
R10,R10,R10-P0067,2000-03-07T00:00:00+00:00,1,False,2.0,5.0,0.0,0.25,1,0,0,0.0,0.0,0.0,0.0,expansion_2026_07,train
R10,R10,R10-P0068,2000-03-08T00:00:00+00:00,1,False,85.0,19.0,0.0,0.5,1,0,0,0.0,0.0,0.0,0.0,expansion_2026_07,train
R10,R10,R10-P0069,2000-03-09T00:00:00+00:00,0,False,19.0,1.0,4.0,0.5,1,0,0,0.0,0.0,0.0,0.0,expansion_2026_07,train
R10,R10,R10-P0070,2000-03-10T00:00:00+00:00,0,False,30.0,2.0,0.0,0.5,2,0,0,0.0,0.0,0.0,0.0,expansion_2026_07,train
R10,R10,R10-P0071,2000-03-11T00:00:00+00:00,1,False,1028.0,29.0,1.0,0.5,3,0,1,0.0,0.3333333333333333,0.0,0.0,expansion_2026_07,train
R10,R10,R10-P0072,2000-03-12T00:00:00+00:00,1,False,547.0,56.0,1.0,0.4442413162705667,4,0,0,0.0,0.0,0.0,0.0,expansion_2026_07,train
R10,R10,R10-P0073,2000-03-13T00:00:00+00:00,0,False,1.0,0.0,2.0,0.3333333333333333,1,0,0,0.0,0.0,0.0,0.0,expansion_2026_07,train
R10,R10,R10-P0074,2000-03-14T00:00:00+00:00,1,False,19.0,39.0,0.0,0.5,1,0,0,0.0,0.0,0.0,0.0,expansion_2026_07,train
R10,R10,R10-P0075,2000-03-15T00:00:00+00:00,1,False,44.0,21.0,0.0,0.5,1,0,0,0.0,0.0,0.0,0.0,expansion_2026_07,train
R10,R10,R10-P0076,2000-03-16T00:00:00+00:00,0,False,8.0,1.0,4.0,0.5,1,0,0,0.0,0.0,0.0,0.0,expansion_2026_07,train
R10,R10,R10-P0077,2000-03-17T00:00:00+00:00,0,False,23.0,3.0,4.0,0.3333333333333333,1,0,0,0.0,0.0,0.0,0.0,expansion_2026_07,train
R10,R10,R10-P0078,2000-03-18T00:00:00+00:00,0,False,12.0,1.0,4.0,0.25,1,0,0,0.0,0.0,0.0,0.0,expansion_2026_07,train
R10,R10,R10-P0079,2000-03-19T00:00:00+00:00,1,False,1671.0,172.0,0.0,1.0,13,0,2,0.0,0.1538461538461538,0.0,1.0,expansion_2026_07,train
R10,R10,R10-P0080,2000-03-20T00:00:00+00:00,0,False,250.0,3.0,0.0,0.488,3,0,0,0.0,0.0,0.0,0.0,expansion_2026_07,train
R10,R10,R10-P0081,2000-03-21T00:00:00+00:00,0,False,267.0,12.0,0.0,0.4026217228464419,2,0,0,0.0,0.0,0.0,0.0,expansion_2026_07,train
R10,R10,R10-P0082,2000-03-22T00:00:00+00:00,1,False,137.0,38.0,0.0,1.0,5,1,0,0.2,0.0,0.0,1.0,expansion_2026_07,train
R10,R10,R10-P0083,2000-03-23T00:00:00+00:00,0,False,1.0,1.0,0.0,1.0,1,0,0,0.0,0.0,0.0,1.0,expansion_2026_07,validation
R10,R10,R10-P0084,2000-03-24T00:00:00+00:00,1,False,410.0,92.0,6.0,0.4638211382113821,3,0,0,0.0,0.0,0.0,0.0,expansion_2026_07,validation
R10,R10,R10-P0085,2000-03-25T00:00:00+00:00,0,False,156.0,9.0,0.0,0.3333333333333333,1,0,0,0.0,0.0,0.0,0.0,expansion_2026_07,validation
R10,R10,R10-P0086,2000-03-26T00:00:00+00:00,0,False,181.0,3.0,0.0,0.5,1,0,0,0.0,0.0,0.0,0.0,expansion_2026_07,validation
R10,R10,R10-P0087,2000-03-27T00:00:00+00:00,0,False,707.0,18.0,0.0,0.4573314474304573,2,0,0,0.0,0.0,0.0,0.0,expansion_2026_07,validation
R10,R10,R10-P0088,2000-03-28T00:00:00+00:00,0,False,258.0,5.0,0.0,0.5,1,0,0,0.0,0.0,0.0,0.0,expansion_2026_07,validation
R10,R10,R10-P0089,2000-03-29T00:00:00+00:00,0,False,527.0,50.0,1.0,0.5,1,0,0,0.0,0.0,0.0,0.0,expansion_2026_07,validation
R10,R10,R10-P0090,2000-03-30T00:00:00+00:00,1,False,13.0,45.0,0.0,0.5,4,0,0,0.0,0.0,0.0,0.0,expansion_2026_07,validation
R10,R10,R10-P0091,2000-03-31T00:00:00+00:00,1,False,461.0,34.0,16.0,0.5,1,0,0,0.0,0.0,0.0,0.0,expansion_2026_07,validation
R10,R10,R10-P0092,2000-04-01T00:00:00+00:00,1,False,43.0,45.0,16.0,0.5,2,0,0,0.0,0.0,0.0,0.0,expansion_2026_07,validation
R10,R10,R10-P0093,2000-04-02T00:00:00+00:00,1,False,151.0,33.0,14.0,0.3333333333333333,1,0,0,0.0,0.0,0.0,0.0,expansion_2026_07,validation
R10,R10,R10-P0094,2000-04-03T00:00:00+00:00,1,False,32.0,36.0,14.0,0.25,1,0,0,0.0,0.0,0.0,0.0,expansion_2026_07,validation
R10,R10,R10-P0095,2000-04-04T00:00:00+00:00,1,False,18.0,47.0,14.0,0.5,2,0,0,0.0,0.0,0.0,0.0,expansion_2026_07,validation
R10,R10,R10-P0096,2000-04-05T00:00:00+00:00,0,False,173.0,2.0,0.0,0.5,1,0,0,0.0,0.0,0.0,0.0,expansion_2026_07,validation
R10,R10,R10-P0097,2000-04-06T00:00:00+00:00,1,False,2300.0,147.0,2.0,1.0,15,1,0,0.0666666666666666,0.0,0.0,1.0,expansion_2026_07,validation
R10,R10,R10-P0098,2000-04-07T00:00:00+00:00,1,False,100.0,76.0,0.0,1.0,5,0,0,0.0,0.0,0.0,1.0,expansion_2026_07,validation
R10,R10,R10-P0099,2000-04-08T00:00:00+00:00,0,False,201.0,6.0,1.0,0.5,5,0,0,0.0,0.0,0.0,0.0,expansion_2026_07,validation
R10,R10,R10-P0100,2000-04-09T00:00:00+00:00,0,False,697.0,26.0,0.0,0.5,3,0,0,0.0,0.0,0.0,0.0,expansion_2026_07,validation
R10,R10,R10-P0101,2000-04-10T00:00:00+00:00,1,False,52.0,21.0,0.0,0.5,4,0,0,0.0,0.0,0.0,0.0,expansion_2026_07,validation
R10,R10,R10-P0102,2000-04-11T00:00:00+00:00,1,False,20.0,11.0,0.0,0.5,1,0,0,0.0,0.0,0.0,0.0,expansion_2026_07,validation
R10,R10,R10-P0103,2000-04-12T00:00:00+00:00,1,False,640.0,104.0,2.0,0.5,9,0,0,0.0,0.0,0.0,0.0,expansion_2026_07,validation
R10,R10,R10-P0104,2000-04-13T00:00:00+00:00,1,False,99.0,65.0,3.0,0.5,2,0,0,0.0,0.0,0.0,0.0,expansion_2026_07,validation
R10,R10,R10-P0105,2000-04-14T00:00:00+00:00,0,False,156.0,31.0,0.0,1.0,3,0,0,0.0,0.0,0.0,1.0,expansion_2026_07,validation
R10,R10,R10-P0106,2000-04-15T00:00:00+00:00,1,False,167.0,93.0,0.0,0.5,6,1,0,0.1666666666666666,0.0,0.0,0.0,expansion_2026_07,validation
R10,R10,R10-P0107,2000-04-16T00:00:00+00:00,1,False,389.0,74.0,3.0,0.5,3,0,0,0.0,0.0,0.0,0.0,expansion_2026_07,validation
R10,R10,R10-P0108,2000-04-17T00:00:00+00:00,0,False,122.0,34.0,0.0,0.5,1,0,0,0.0,0.0,0.0,0.0,expansion_2026_07,validation
R10,R10,R10-P0109,2000-04-18T00:00:00+00:00,1,False,31.0,42.0,0.0,0.5,2,0,0,0.0,0.0,0.0,0.0,expansion_2026_07,validation
R10,R10,R10-P0110,2000-04-19T00:00:00+00:00,1,False,59.0,17.0,1.0,0.5,2,0,0,0.0,0.0,0.0,0.0,expansion_2026_07,validation
R10,R10,R10-P0111,2000-04-20T00:00:00+00:00,1,False,30.0,14.0,0.0,0.5,2,0,0,0.0,0.0,0.0,0.0,expansion_2026_07,test
R10,R10,R10-P0112,2000-04-21T00:00:00+00:00,0,False,62.0,9.0,0.0,0.5,1,0,0,0.0,0.0,0.0,0.0,expansion_2026_07,test
R10,R10,R10-P0113,2000-04-22T00:00:00+00:00,1,False,66.0,22.0,3.0,0.5,1,0,0,0.0,0.0,0.0,0.0,expansion_2026_07,test
R10,R10,R10-P0114,2000-04-23T00:00:00+00:00,1,False,423.0,80.0,2.0,0.5,3,0,0,0.0,0.0,0.0,0.0,expansion_2026_07,test
R10,R10,R10-P0115,2000-04-24T00:00:00+00:00,1,False,57.0,49.0,0.0,0.5,1,0,0,0.0,0.0,0.0,0.0,expansion_2026_07,test
R10,R10,R10-P0116,2000-04-25T00:00:00+00:00,0,False,113.0,30.0,0.0,0.5,1,0,0,0.0,0.0,0.0,0.0,expansion_2026_07,test
R10,R10,R10-P0117,2000-04-26T00:00:00+00:00,0,False,115.0,15.0,3.0,0.5,2,0,0,0.0,0.0,0.0,0.0,expansion_2026_07,test
R10,R10,R10-P0118,2000-04-27T00:00:00+00:00,0,False,472.0,0.0,1.0,0.5,1,0,1,0.0,1.0,0.0,0.0,expansion_2026_07,test
R10,R10,R10-P0119,2000-04-28T00:00:00+00:00,1,False,560.0,26.0,7.0,0.5,1,0,0,0.0,0.0,0.0,0.0,expansion_2026_07,test
R10,R10,R10-P0120,2000-04-29T00:00:00+00:00,1,False,3389.0,227.0,2.0,1.0,31,1,9,0.032258064516129,0.2903225806451613,0.0,1.0,expansion_2026_07,test
R10,R10,R10-P0121,2000-04-30T00:00:00+00:00,0,False,57.0,4.0,2.0,0.3728070175438596,2,0,1,0.0,0.5,0.0,0.0,expansion_2026_07,test
R10,R10,R10-P0122,2000-05-01T00:00:00+00:00,0,False,57.0,4.0,2.0,0.2245614035087719,2,0,1,0.0,0.5,0.0,0.0,expansion_2026_07,test
R10,R10,R10-P0123,2000-05-02T00:00:00+00:00,0,False,1583.0,168.0,4.0,0.7060185185185186,20,0,1,0.0,0.05,0.45,0.4,expansion_2026_07,test
R10,R10,R10-P0124,2000-05-03T00:00:00+00:00,0,False,149.0,41.0,0.0,0.5,1,0,0,0.0,0.0,0.0,0.0,expansion_2026_07,test
R10,R10,R10-P0125,2000-05-04T00:00:00+00:00,0,False,139.0,0.0,1.0,1.0,1,0,1,0.0,1.0,0.0,1.0,expansion_2026_07,test
R10,R10,R10-P0126,2000-05-05T00:00:00+00:00,0,False,48.0,72.0,1.0,0.382716049382716,4,1,0,0.25,0.0,0.0,0.0,expansion_2026_07,test
R10,R10,R10-P0127,2000-05-06T00:00:00+00:00,0,False,246.0,28.0,2.0,0.5,4,0,1,0.0,0.25,0.0,0.0,expansion_2026_07,test
R10,R10,R10-P0128,2000-05-07T00:00:00+00:00,0,False,36.0,5.0,0.0,0.5,2,0,0,0.0,0.0,0.0,0.0,expansion_2026_07,test
R10,R10,R10-P0129,2000-05-08T00:00:00+00:00,0,False,164.0,27.0,1.0,0.5,2,0,0,0.0,0.0,0.0,0.0,expansion_2026_07,test
R10,R10,R10-P0130,2000-05-09T00:00:00+00:00,0,False,35.0,16.0,1.0,0.3333333333333333,1,0,0,0.0,0.0,0.0,0.0,expansion_2026_07,test
R10,R10,R10-P0131,2000-05-10T00:00:00+00:00,0,False,237.0,10.0,0.0,1.0,1,0,0,0.0,0.0,0.0,1.0,expansion_2026_07,test
R10,R10,R10-P0132,2000-05-11T00:00:00+00:00,0,False,185.0,40.0,0.0,1.0,4,0,0,0.0,0.0,0.0,1.0,expansion_2026_07,test
R10,R10,R10-P0133,2000-05-12T00:00:00+00:00,0,False,251.0,50.0,1.0,0.5,5,1,0,0.2,0.0,0.0,0.0,expansion_2026_07,test
R10,R10,R10-P0134,2000-05-13T00:00:00+00:00,0,False,76.0,16.0,0.0,0.5,2,0,0,0.0,0.0,0.0,0.0,expansion_2026_07,test
R10,R10,R10-P0135,2000-05-14T00:00:00+00:00,0,False,21.0,62.0,0.0,0.5,2,0,0,0.0,0.0,0.0,0.0,expansion_2026_07,test
R10,R10,R10-P0136,2000-05-15T00:00:00+00:00,0,False,1286.0,209.0,1.0,0.3242871954380508,8,0,0,0.0,0.0,0.0,0.125,expansion_2026_07,test
R10,R10,R10-P0137,2000-05-16T00:00:00+00:00,0,False,7.0,16.0,0.0,0.5,1,0,0,0.0,0.0,0.0,0.0,expansion_2026_07,test
R10,R10,R10-P0138,2000-05-17T00:00:00+00:00,0,False,44.0,44.0,0.0,0.5,2,0,0,0.0,0.0,0.0,0.0,expansion_2026_07,test
R10,R10,R10-P0139,2000-05-18T00:00:00+00:00,0,False,51.0,20.0,0.0,0.9019607843137256,2,0,0,0.0,0.0,0.0,0.5,expansion_2026_07,test
R10,R10,R10-P0140,2000-05-19T00:00:00+00:00,0,False,211.0,2.0,1.0,0.5,1,0,0,0.0,0.0,0.0,0.0,expansion_2026_07,test
R10,R10,R10-P0141,2000-05-20T00:00:00+00:00,0,False,681.0,104.0,4.0,0.3990052267745743,6,1,0,0.1666666666666666,0.0,0.1666666666666666,0.1666666666666666,expansion_2026_07,test
R10,R10,R10-P0142,2000-05-21T00:00:00+00:00,0,False,60.0,0.0,1.0,0.25,1,0,1,0.0,1.0,0.0,0.0,expansion_2026_07,test
R10,R10,R10-P0143,2000-05-22T00:00:00+00:00,0,False,88.0,0.0,1.0,0.5,1,0,1,0.0,1.0,0.0,0.0,expansion_2026_07,test
R10,R10,R10-P0144,2000-05-23T00:00:00+00:00,0,False,228.0,13.0,3.0,0.5,1,0,0,0.0,0.0,0.0,0.0,expansion_2026_07,test
R10,R10,R10-P0145,2000-05-24T00:00:00+00:00,0,False,3.0,41.0,0.0,1.0,1,0,0,0.0,0.0,0.0,1.0,expansion_2026_07,test
R10,R10,R10-P0146,2000-05-25T00:00:00+00:00,0,False,1388.0,129.0,1.0,0.5,3,0,1,0.0,0.3333333333333333,0.0,0.0,expansion_2026_07,test
R10,R10,R10-P0147,2000-05-26T00:00:00+00:00,0,False,125.0,17.0,0.0,1.0,2,2,0,1.0,0.0,0.0,1.0,expansion_2026_07,test
R10,R10,R10-P0148,2000-05-27T00:00:00+00:00,0,False,295.0,0.0,1.0,0.5,1,0,1,0.0,1.0,0.0,0.0,expansion_2026_07,test
R10,R10,R10-P0149,2000-05-28T00:00:00+00:00,0,False,170.0,16.0,0.0,1.0,1,0,0,0.0,0.0,0.0,1.0,expansion_2026_07,test
R10,R10,R10-P0150,2000-05-29T00:00:00+00:00,0,False,696.0,79.0,1.0,0.5,3,0,0,0.0,0.0,0.0,0.0,expansion_2026_07,test
R10,R10,R10-P0151,2000-05-30T00:00:00+00:00,0,False,204.0,24.0,5.0,0.5,1,0,0,0.0,0.0,0.0,0.0,expansion_2026_07,test
R10,R10,R10-P0152,2000-05-31T00:00:00+00:00,0,False,105.0,9.0,7.0,0.3365079365079365,2,0,0,0.0,0.0,0.0,0.0,expansion_2026_07,test
R10,R10,R10-P0153,2000-06-01T00:00:00+00:00,0,False,1009.0,67.0,2.0,0.5,3,0,1,0.0,0.3333333333333333,0.0,0.0,expansion_2026_07,test
R10,R10,R10-P0154,2000-06-02T00:00:00+00:00,0,False,1.0,10.0,0.0,0.5,1,0,0,0.0,0.0,0.0,0.0,expansion_2026_07,test
R10,R10,R10-P0155,2000-06-03T00:00:00+00:00,0,False,5.0,8.0,0.0,0.5,1,0,0,0.0,0.0,0.0,0.0,expansion_2026_07,test
R10,R10,R10-P0156,2000-06-04T00:00:00+00:00,0,False,34.0,0.0,1.0,0.3333333333333333,1,0,1,0.0,1.0,0.0,0.0,expansion_2026_07,test
R10,R10,R10-P0157,2000-06-05T00:00:00+00:00,0,False,64.0,2.0,0.0,0.5,2,0,0,0.0,0.0,0.0,0.0,expansion_2026_07,test
R10,R10,R10-P0158,2000-06-06T00:00:00+00:00,0,False,7907.0,214.0,2.0,1.0,56,3,35,0.0535714285714285,0.625,0.0,1.0,expansion_2026_07,test
R11,R11,R11-P0001,2000-01-01T00:00:00+00:00,1,False,36.0,0.0,5.0,1.0,3,0,0,0.0,0.0,0.0,1.0,expansion_2026_07,train
R11,R11,R11-P0002,2000-01-02T00:00:00+00:00,1,False,5686.0,581.0,11.0,1.0,23,0,12,0.0,0.5217391304347826,0.0,1.0,expansion_2026_07,train
R11,R11,R11-P0003,2000-01-03T00:00:00+00:00,0,False,299.0,189.0,11.0,1.0,8,0,0,0.0,0.0,0.0,1.0,expansion_2026_07,train
R11,R11,R11-P0004,2000-01-04T00:00:00+00:00,0,False,24.0,15.0,12.0,1.0,5,0,0,0.0,0.0,0.0,1.0,expansion_2026_07,train
R11,R11,R11-P0005,2000-01-05T00:00:00+00:00,0,False,841.0,288.0,13.0,1.0,11,0,1,0.0,0.0909090909090909,0.0,1.0,expansion_2026_07,train
R11,R11,R11-P0006,2000-01-06T00:00:00+00:00,0,False,15.0,38.0,8.0,1.0,3,0,0,0.0,0.0,0.0,1.0,expansion_2026_07,train
R11,R11,R11-P0007,2000-01-07T00:00:00+00:00,0,False,81.0,80.0,8.0,1.0,6,0,0,0.0,0.0,0.0,1.0,expansion_2026_07,train
R11,R11,R11-P0008,2000-01-08T00:00:00+00:00,0,False,299.0,137.0,10.0,1.0,4,0,0,0.0,0.0,0.0,1.0,expansion_2026_07,train
R11,R11,R11-P0009,2000-01-09T00:00:00+00:00,0,False,14.0,67.0,2.0,1.0,1,0,0,0.0,0.0,0.0,1.0,expansion_2026_07,train
R11,R11,R11-P0010,2000-01-10T00:00:00+00:00,0,False,98.0,55.0,7.0,1.0,3,0,0,0.0,0.0,0.0,1.0,expansion_2026_07,train
R11,R11,R11-P0011,2000-01-11T00:00:00+00:00,0,False,17.0,15.0,3.0,1.0,1,0,0,0.0,0.0,0.0,1.0,expansion_2026_07,train
R11,R11,R11-P0012,2000-01-12T00:00:00+00:00,0,False,355.0,263.0,12.0,1.0,9,0,0,0.0,0.0,0.0,1.0,expansion_2026_07,train
R11,R11,R11-P0013,2000-01-13T00:00:00+00:00,0,False,52.0,52.0,10.0,1.0,5,0,0,0.0,0.0,0.0,1.0,expansion_2026_07,train
R11,R11,R11-P0014,2000-01-14T00:00:00+00:00,0,False,5.0,25.0,4.0,1.0,2,0,0,0.0,0.0,0.0,1.0,expansion_2026_07,train
R11,R11,R11-P0015,2000-01-15T00:00:00+00:00,1,False,151.0,113.0,12.0,1.0,6,0,0,0.0,0.0,0.0,1.0,expansion_2026_07,train
R11,R11,R11-P0016,2000-01-16T00:00:00+00:00,0,False,94.0,19.0,2.0,1.0,1,0,0,0.0,0.0,0.0,1.0,expansion_2026_07,train
R11,R11,R11-P0017,2000-01-17T00:00:00+00:00,0,False,22.0,35.0,2.0,1.0,2,0,0,0.0,0.0,0.0,1.0,expansion_2026_07,train
R11,R11,R11-P0018,2000-01-18T00:00:00+00:00,1,False,1024.0,342.0,13.0,1.0,9,0,0,0.0,0.0,0.0,1.0,expansion_2026_07,train
R11,R11,R11-P0019,2000-01-19T00:00:00+00:00,1,False,53.0,49.0,4.0,1.0,4,0,0,0.0,0.0,0.0,1.0,expansion_2026_07,train
R11,R11,R11-P0020,2000-01-20T00:00:00+00:00,1,False,22.0,75.0,11.0,1.0,7,0,0,0.0,0.0,0.0,1.0,expansion_2026_07,train
R11,R11,R11-P0021,2000-01-21T00:00:00+00:00,1,False,139.0,173.0,11.0,1.0,9,0,0,0.0,0.0,0.0,1.0,expansion_2026_07,train
R11,R11,R11-P0022,2000-01-22T00:00:00+00:00,1,False,186.0,140.0,5.0,1.0,4,0,0,0.0,0.0,0.0,1.0,expansion_2026_07,train
R11,R11,R11-P0023,2000-01-23T00:00:00+00:00,1,False,64.0,68.0,2.0,1.0,3,0,0,0.0,0.0,0.0,1.0,expansion_2026_07,train
R11,R11,R11-P0024,2000-01-24T00:00:00+00:00,1,False,12.0,29.0,1.0,1.0,1,0,0,0.0,0.0,0.0,1.0,expansion_2026_07,train
R11,R11,R11-P0025,2000-01-25T00:00:00+00:00,1,False,503.0,244.0,7.0,1.0,8,0,0,0.0,0.0,0.0,1.0,expansion_2026_07,train
R11,R11,R11-P0026,2000-01-26T00:00:00+00:00,1,False,2.0,5.0,0.0,1.0,1,0,0,0.0,0.0,0.0,1.0,expansion_2026_07,train
R11,R11,R11-P0027,2000-01-27T00:00:00+00:00,1,False,75.0,48.0,2.0,1.0,3,0,0,0.0,0.0,0.0,1.0,expansion_2026_07,train
R11,R11,R11-P0028,2000-01-28T00:00:00+00:00,1,False,94.0,41.0,3.0,1.0,3,0,0,0.0,0.0,0.0,1.0,expansion_2026_07,train
R11,R11,R11-P0029,2000-01-29T00:00:00+00:00,0,False,240.0,133.0,6.0,1.0,7,0,0,0.0,0.0,0.0,1.0,expansion_2026_07,train
R11,R11,R11-P0030,2000-01-30T00:00:00+00:00,0,False,80.0,59.0,4.0,1.0,5,0,0,0.0,0.0,0.0,1.0,expansion_2026_07,train
R11,R11,R11-P0031,2000-01-31T00:00:00+00:00,0,False,2.0,30.0,1.0,1.0,1,0,0,0.0,0.0,0.0,1.0,expansion_2026_07,train
R11,R11,R11-P0032,2000-02-01T00:00:00+00:00,0,False,27.0,73.0,6.0,1.0,5,0,0,0.0,0.0,0.0,1.0,expansion_2026_07,train
R11,R11,R11-P0033,2000-02-02T00:00:00+00:00,0,False,2.0,1.0,0.0,1.0,1,0,0,0.0,0.0,0.0,1.0,expansion_2026_07,train
R11,R11,R11-P0034,2000-02-03T00:00:00+00:00,0,False,17.0,38.0,1.0,1.0,3,0,0,0.0,0.0,0.0,1.0,expansion_2026_07,train
R11,R11,R11-P0035,2000-02-04T00:00:00+00:00,0,False,6.0,4.0,2.0,1.0,1,0,0,0.0,0.0,0.0,1.0,expansion_2026_07,train
R11,R11,R11-P0036,2000-02-05T00:00:00+00:00,1,False,16.0,25.0,0.0,1.0,1,0,0,0.0,0.0,0.0,1.0,expansion_2026_07,train
R11,R11,R11-P0037,2000-02-06T00:00:00+00:00,1,False,252.0,114.0,0.0,1.0,3,0,0,0.0,0.0,0.0,1.0,expansion_2026_07,validation
R11,R11,R11-P0038,2000-02-07T00:00:00+00:00,1,False,7.0,34.0,1.0,1.0,2,0,0,0.0,0.0,0.0,1.0,expansion_2026_07,validation
R11,R11,R11-P0039,2000-02-08T00:00:00+00:00,1,False,14.0,34.0,1.0,1.0,2,0,0,0.0,0.0,0.0,1.0,expansion_2026_07,validation
R11,R11,R11-P0040,2000-02-09T00:00:00+00:00,1,False,638.0,298.0,11.0,1.0,12,0,0,0.0,0.0,0.0,1.0,expansion_2026_07,validation
R11,R11,R11-P0041,2000-02-10T00:00:00+00:00,0,False,45.0,34.0,1.0,1.0,1,0,0,0.0,0.0,0.0,1.0,expansion_2026_07,validation
R11,R11,R11-P0042,2000-02-11T00:00:00+00:00,0,False,31.0,11.0,9.0,1.0,3,0,0,0.0,0.0,0.0,1.0,expansion_2026_07,validation
R11,R11,R11-P0043,2000-02-12T00:00:00+00:00,1,False,1359.0,449.0,16.0,1.0,12,0,0,0.0,0.0,0.0,1.0,expansion_2026_07,validation
R11,R11,R11-P0044,2000-02-13T00:00:00+00:00,0,False,4.0,8.0,9.0,1.0,2,0,0,0.0,0.0,0.0,1.0,expansion_2026_07,validation
R11,R11,R11-P0045,2000-02-14T00:00:00+00:00,0,False,9.0,7.0,1.0,1.0,1,0,0,0.0,0.0,0.0,1.0,expansion_2026_07,validation
R11,R11,R11-P0046,2000-02-15T00:00:00+00:00,0,False,19.0,21.0,4.0,1.0,2,0,0,0.0,0.0,0.0,1.0,expansion_2026_07,validation
R11,R11,R11-P0047,2000-02-16T00:00:00+00:00,0,False,3.0,43.0,4.0,1.0,2,0,0,0.0,0.0,0.0,1.0,expansion_2026_07,validation
R11,R11,R11-P0048,2000-02-17T00:00:00+00:00,0,False,7.0,12.0,1.0,1.0,1,0,0,0.0,0.0,0.0,1.0,expansion_2026_07,validation
R11,R11,R11-P0049,2000-02-18T00:00:00+00:00,1,False,105.0,64.0,6.0,1.0,7,0,0,0.0,0.0,0.0,1.0,expansion_2026_07,validation
R11,R11,R11-P0050,2000-02-19T00:00:00+00:00,1,False,298.0,117.0,7.0,1.0,7,0,0,0.0,0.0,0.0,1.0,expansion_2026_07,test
R11,R11,R11-P0051,2000-02-20T00:00:00+00:00,1,False,41.0,43.0,2.0,1.0,2,0,0,0.0,0.0,0.0,1.0,expansion_2026_07,test
R11,R11,R11-P0052,2000-02-21T00:00:00+00:00,1,False,254.0,140.0,10.0,1.0,9,0,0,0.0,0.0,0.0,1.0,expansion_2026_07,test
R11,R11,R11-P0053,2000-02-22T00:00:00+00:00,1,False,9.0,9.0,3.0,1.0,1,0,0,0.0,0.0,0.0,1.0,expansion_2026_07,test
R11,R11,R11-P0054,2000-02-23T00:00:00+00:00,1,False,50.0,63.0,4.0,1.0,4,0,0,0.0,0.0,0.0,1.0,expansion_2026_07,test
R11,R11,R11-P0055,2000-02-24T00:00:00+00:00,1,False,421.0,188.0,7.0,1.0,8,0,0,0.0,0.0,0.0,1.0,expansion_2026_07,test
R11,R11,R11-P0056,2000-02-25T00:00:00+00:00,0,False,131.0,57.0,1.0,1.0,5,0,0,0.0,0.0,0.0,1.0,expansion_2026_07,test
R11,R11,R11-P0057,2000-02-26T00:00:00+00:00,0,False,21.0,65.0,5.0,1.0,5,0,0,0.0,0.0,0.0,1.0,expansion_2026_07,test
R11,R11,R11-P0058,2000-02-27T00:00:00+00:00,1,False,2466.0,726.0,13.0,1.0,17,0,0,0.0,0.0,0.0,1.0,expansion_2026_07,test
R11,R11,R11-P0059,2000-02-28T00:00:00+00:00,0,False,266.0,75.0,2.0,1.0,1,0,0,0.0,0.0,0.0,1.0,expansion_2026_07,test
R11,R11,R11-P0060,2000-02-29T00:00:00+00:00,1,False,18.0,52.0,0.0,1.0,1,0,0,0.0,0.0,0.0,1.0,expansion_2026_07,test
R11,R11,R11-P0061,2000-03-01T00:00:00+00:00,1,False,36.0,103.0,5.0,1.0,4,0,0,0.0,0.0,0.0,1.0,expansion_2026_07,test
R11,R11,R11-P0062,2000-03-02T00:00:00+00:00,1,False,142.0,18.0,0.0,1.0,2,0,0,0.0,0.0,0.0,1.0,expansion_2026_07,test
R11,R11,R11-P0063,2000-03-03T00:00:00+00:00,1,False,2753.0,992.0,47.0,1.0,28,0,0,0.0,0.0,0.0,1.0,expansion_2026_07,test
R11,R11,R11-P0064,2000-03-04T00:00:00+00:00,1,False,5.0,5.0,1.0,1.0,2,0,0,0.0,0.0,0.0,1.0,expansion_2026_07,test
R11,R11,R11-P0065,2000-03-05T00:00:00+00:00,1,False,5.0,5.0,1.0,1.0,2,0,0,0.0,0.0,0.0,1.0,expansion_2026_07,test
R11,R11,R11-P0066,2000-03-06T00:00:00+00:00,1,False,655.0,518.0,23.0,1.0,16,0,0,0.0,0.0,0.0,1.0,expansion_2026_07,test
R11,R11,R11-P0067,2000-03-07T00:00:00+00:00,1,False,238.0,203.0,15.0,1.0,8,0,0,0.0,0.0,0.0,1.0,expansion_2026_07,test
R11,R11,R11-P0068,2000-03-08T00:00:00+00:00,1,False,48.0,34.0,1.0,1.0,2,0,0,0.0,0.0,0.0,1.0,expansion_2026_07,test
R11,R11,R11-P0069,2000-03-09T00:00:00+00:00,0,False,0.0,0.0,19.0,1.0,10,0,10,0.0,1.0,0.0,1.0,expansion_2026_07,test
R11,R11,R11-P0070,2000-03-10T00:00:00+00:00,1,False,215.0,189.0,11.0,1.0,6,0,0,0.0,0.0,0.0,1.0,expansion_2026_07,test
R11,R11,R11-P0071,2000-03-11T00:00:00+00:00,0,False,6.0,12.0,0.0,0.5,1,0,0,0.0,0.0,0.0,0.0,expansion_2026_07,test
R12,R12,R12-P0001,2000-01-01T00:00:00+00:00,0,False,106.0,13.0,3.0,0.1569121915820029,8,0,0,0.0,0.0,0.0,0.0,expansion_2026_07,train
R12,R12,R12-P0002,2000-01-02T00:00:00+00:00,0,False,2.0,1.0,0.0,1.0,1,0,0,0.0,0.0,0.0,1.0,expansion_2026_07,train
R12,R12,R12-P0003,2000-01-03T00:00:00+00:00,0,False,32.0,1.0,0.0,0.5,1,0,0,0.0,0.0,0.0,0.0,expansion_2026_07,train
R12,R12,R12-P0004,2000-01-04T00:00:00+00:00,0,False,8.0,4.0,0.0,1.0,4,0,0,0.0,0.0,0.0,1.0,expansion_2026_07,train
R12,R12,R12-P0005,2000-01-05T00:00:00+00:00,0,False,12.0,11.0,1.0,1.0,1,0,0,0.0,0.0,0.0,1.0,expansion_2026_07,train
R12,R12,R12-P0006,2000-01-06T00:00:00+00:00,0,False,6.0,5.0,2.0,1.0,1,0,0,0.0,0.0,0.0,1.0,expansion_2026_07,train
R12,R12,R12-P0007,2000-01-07T00:00:00+00:00,0,False,32.0,2.0,0.0,0.5,1,0,0,0.0,0.0,0.0,0.0,expansion_2026_07,validation
R12,R12,R12-P0008,2000-01-08T00:00:00+00:00,0,False,16.0,10.0,1.0,1.0,1,0,0,0.0,0.0,0.0,1.0,expansion_2026_07,validation
R12,R12,R12-P0009,2000-01-09T00:00:00+00:00,0,False,2.0,3.0,2.0,0.3333333333333333,1,0,0,0.0,0.0,1.0,0.0,expansion_2026_07,validation
R12,R12,R12-P0010,2000-01-10T00:00:00+00:00,0,False,4.0,1.0,0.0,1.0,1,0,0,0.0,0.0,0.0,1.0,expansion_2026_07,test
R12,R12,R12-P0011,2000-01-11T00:00:00+00:00,0,False,148.0,16.0,5.0,0.4099099099099099,11,0,0,0.0,0.0,0.0,0.0,expansion_2026_07,test
R12,R12,R12-P0012,2000-01-12T00:00:00+00:00,0,False,2.0,0.0,0.0,1.0,1,0,0,0.0,0.0,0.0,1.0,expansion_2026_07,test
R12,R12,R12-P0013,2000-01-13T00:00:00+00:00,0,False,11.0,1.0,0.0,1.0,2,0,0,0.0,0.0,0.0,1.0,expansion_2026_07,test
R13,R13,R13-P0001,2000-01-01T00:00:00+00:00,0,False,1430.0,145.0,3.0,0.7580419580419581,3,0,0,0.0,0.0,0.0,0.6666666666666666,expansion_2026_07,train
R13,R13,R13-P0002,2000-01-02T00:00:00+00:00,0,False,14.0,1.0,0.0,0.5,1,0,0,0.0,0.0,0.0,0.0,expansion_2026_07,train
R13,R13,R13-P0003,2000-01-03T00:00:00+00:00,0,False,18.0,3.0,3.0,1.0,1,0,0,0.0,0.0,0.0,1.0,expansion_2026_07,train
R13,R13,R13-P0004,2000-01-04T00:00:00+00:00,1,False,4.0,1.0,0.0,0.5,1,0,0,0.0,0.0,0.0,0.0,expansion_2026_07,train
R13,R13,R13-P0005,2000-01-05T00:00:00+00:00,0,False,4.0,3.0,3.0,1.0,1,0,0,0.0,0.0,0.0,1.0,expansion_2026_07,train
R13,R13,R13-P0006,2000-01-06T00:00:00+00:00,0,False,9.0,16.0,3.0,0.0588235294117647,1,0,0,0.0,0.0,0.0,0.0,expansion_2026_07,train
R13,R13,R13-P0007,2000-01-07T00:00:00+00:00,0,False,3.0,1.0,0.0,0.125,1,0,0,0.0,0.0,0.0,0.0,expansion_2026_07,train
R13,R13,R13-P0008,2000-01-08T00:00:00+00:00,0,False,10.0,1.0,0.0,0.125,1,0,0,0.0,0.0,0.0,0.0,expansion_2026_07,train
R13,R13,R13-P0009,2000-01-09T00:00:00+00:00,0,False,12.0,1.0,0.0,0.5,1,0,0,0.0,0.0,0.0,0.0,expansion_2026_07,train
R13,R13,R13-P0010,2000-01-10T00:00:00+00:00,0,False,29.0,3.0,1.0,0.5,2,0,0,0.0,0.0,0.0,0.0,expansion_2026_07,train
R13,R13,R13-P0011,2000-01-11T00:00:00+00:00,0,False,2.0,26.0,1.0,0.25,1,0,0,0.0,0.0,0.0,0.0,expansion_2026_07,train
R13,R13,R13-P0012,2000-01-12T00:00:00+00:00,0,False,6.0,15.0,1.0,0.3333333333333333,2,0,0,0.0,0.0,0.0,0.0,expansion_2026_07,train
R13,R13,R13-P0013,2000-01-13T00:00:00+00:00,1,False,2.0,2.0,1.0,0.2,1,0,0,0.0,0.0,0.0,0.0,expansion_2026_07,train
R13,R13,R13-P0014,2000-01-14T00:00:00+00:00,1,False,580.0,25.0,1.0,0.1144827586206897,2,0,0,0.0,0.0,0.0,0.0,expansion_2026_07,train
R13,R13,R13-P0015,2000-01-15T00:00:00+00:00,1,False,4.0,2.0,1.0,0.1,1,0,0,0.0,0.0,0.0,0.0,expansion_2026_07,train
R13,R13,R13-P0016,2000-01-16T00:00:00+00:00,1,False,41.0,2.0,0.0,0.3048780487804878,2,0,0,0.0,0.0,0.0,0.0,expansion_2026_07,train
R13,R13,R13-P0017,2000-01-17T00:00:00+00:00,1,False,16.0,2.0,0.0,0.1696428571428571,2,0,0,0.0,0.0,0.0,0.0,expansion_2026_07,train
R13,R13,R13-P0018,2000-01-18T00:00:00+00:00,1,False,8.0,1.0,0.0,0.125,1,0,0,0.0,0.0,0.0,0.0,expansion_2026_07,validation
R13,R13,R13-P0019,2000-01-19T00:00:00+00:00,1,False,41.0,4.0,1.0,0.0988174427198817,3,0,0,0.0,0.0,0.0,0.0,expansion_2026_07,validation
R13,R13,R13-P0020,2000-01-20T00:00:00+00:00,1,False,25.0,2.0,0.0,0.1146666666666667,2,0,0,0.0,0.0,0.0,0.0,expansion_2026_07,validation
R13,R13,R13-P0021,2000-01-21T00:00:00+00:00,1,False,39.0,3.0,1.0,0.0728374189912651,2,0,0,0.0,0.0,0.0,0.0,expansion_2026_07,validation
R13,R13,R13-P0022,2000-01-22T00:00:00+00:00,1,False,75.0,5.0,1.0,0.0794871794871794,2,0,0,0.0,0.0,0.0,0.0,expansion_2026_07,validation
R13,R13,R13-P0023,2000-01-23T00:00:00+00:00,1,False,72.0,12.0,1.0,0.0635788503435562,3,0,0,0.0,0.0,0.0,0.0,expansion_2026_07,validation
R13,R13,R13-P0024,2000-01-24T00:00:00+00:00,1,False,72.0,11.0,1.0,0.0570023148148148,2,0,0,0.0,0.0,0.0,0.0,expansion_2026_07,test
R13,R13,R13-P0025,2000-01-25T00:00:00+00:00,1,False,34.0,3.0,1.0,0.0557275541795665,2,0,0,0.0,0.0,0.0,0.0,expansion_2026_07,test
R13,R13,R13-P0026,2000-01-26T00:00:00+00:00,1,False,56.0,21.0,1.0,0.03125,1,0,0,0.0,0.0,0.0,0.0,expansion_2026_07,test
R13,R13,R13-P0027,2000-01-27T00:00:00+00:00,1,False,49.0,8.0,4.0,0.05,1,0,0,0.0,0.0,0.0,0.0,expansion_2026_07,test
R13,R13,R13-P0028,2000-01-28T00:00:00+00:00,1,False,12.0,29.0,4.0,0.0320366132723112,2,0,0,0.0,0.0,0.0,0.0,expansion_2026_07,test
R13,R13,R13-P0029,2000-01-29T00:00:00+00:00,1,False,146.0,22.0,0.0,0.3926397042835399,3,0,0,0.0,0.0,0.3333333333333333,0.0,expansion_2026_07,test
R13,R13,R13-P0030,2000-01-30T00:00:00+00:00,1,False,3471.0,248.0,1.0,0.0307534134368238,6,0,0,0.0,0.0,0.5,0.0,expansion_2026_07,test
R13,R13,R13-P0031,2000-01-31T00:00:00+00:00,0,False,28.0,4.0,0.0,0.1666666666666667,1,0,0,0.0,0.0,0.0,0.0,expansion_2026_07,test
R13,R13,R13-P0032,2000-02-01T00:00:00+00:00,1,False,70.0,9.0,0.0,0.0689458689458689,2,0,0,0.0,0.0,0.0,0.0,expansion_2026_07,test
R13,R13,R13-P0033,2000-02-02T00:00:00+00:00,0,False,36.0,4.0,1.0,0.1459656084656085,3,0,0,0.0,0.0,0.0,0.0,expansion_2026_07,test
R13,R13,R13-P0034,2000-02-03T00:00:00+00:00,1,False,334.0,37.0,0.0,0.185933328148897,6,0,0,0.0,0.0,0.1666666666666666,0.0,expansion_2026_07,test
R01,R01,R01-P0001,2000-01-01T00:00:00+00:00,1,False,416.0,38.0,1.0,0.871995192307692,20,0,1,0.0,0.05,0.2,0.7,legacy_frozen_325,train
R01,R01,R01-P0002,2000-01-02T00:00:00+00:00,1,False,502.0,73.0,1.0,0.5,17,0,2,0.0,0.1176470588235294,0.0,0.0,legacy_frozen_325,train
R01,R01,R01-P0003,2000-01-03T00:00:00+00:00,1,False,821.0,71.0,0.0,0.340936739659367,23,0,3,0.0,0.1304347826086956,0.0,0.0,legacy_frozen_325,train
R01,R01,R01-P0004,2000-01-04T00:00:00+00:00,1,False,949.0,105.0,1.0,0.376140350877193,30,0,3,0.0,0.1,0.0,0.0,legacy_frozen_325,train
R01,R01,R01-P0005,2000-01-05T00:00:00+00:00,1,False,1113.0,122.0,2.0,0.381822262118492,36,0,2,0.0,0.0555555555555555,0.1944444444444444,0.0,legacy_frozen_325,train
R01,R01,R01-P0006,2000-01-06T00:00:00+00:00,0,False,2.0,0.0,0.0,0.5,1,0,0,0.0,0.0,0.0,0.0,legacy_frozen_325,train
R01,R01,R01-P0007,2000-01-07T00:00:00+00:00,1,False,751.0,88.0,1.0,0.768086995117621,14,0,0,0.0,0.0,0.1428571428571428,0.4285714285714285,legacy_frozen_325,train
R01,R01,R01-P0008,2000-01-08T00:00:00+00:00,1,False,751.0,88.0,1.0,0.768086995117621,14,0,0,0.0,0.0,0.1428571428571428,0.4285714285714285,legacy_frozen_325,train
R01,R01,R01-P0009,2000-01-09T00:00:00+00:00,1,False,35.0,10.0,0.0,0.385714285714286,3,0,0,0.0,0.0,0.0,0.0,legacy_frozen_325,train
R01,R01,R01-P0010,2000-01-10T00:00:00+00:00,1,False,997.0,180.0,2.0,0.354876419505678,25,0,3,0.0,0.12,0.0,0.0,legacy_frozen_325,train
R01,R01,R01-P0011,2000-01-11T00:00:00+00:00,1,False,997.0,180.0,2.0,0.354876419505678,25,0,3,0.0,0.12,0.0,0.0,legacy_frozen_325,train
R01,R01,R01-P0012,2000-01-12T00:00:00+00:00,1,False,307.0,28.0,0.0,0.504343105320304,14,0,0,0.0,0.0,0.2857142857142857,0.4285714285714285,legacy_frozen_325,train
R01,R01,R01-P0013,2000-01-13T00:00:00+00:00,1,False,307.0,28.0,0.0,0.504343105320304,14,0,0,0.0,0.0,0.2857142857142857,0.4285714285714285,legacy_frozen_325,train
R01,R01,R01-P0014,2000-01-14T00:00:00+00:00,1,False,16.0,2.0,0.0,0.5,2,0,0,0.0,0.0,0.0,0.0,legacy_frozen_325,train
R01,R01,R01-P0015,2000-01-15T00:00:00+00:00,1,False,822.0,130.0,0.0,0.670924574209246,16,0,0,0.0,0.0,0.1875,0.5,legacy_frozen_325,train
R01,R01,R01-P0016,2000-01-16T00:00:00+00:00,1,False,822.0,130.0,0.0,0.670924574209246,16,0,0,0.0,0.0,0.1875,0.5,legacy_frozen_325,train
R01,R01,R01-P0017,2000-01-17T00:00:00+00:00,1,False,329.0,52.0,0.0,0.409827760891591,11,0,0,0.0,0.0,0.0,0.0,legacy_frozen_325,train
R01,R01,R01-P0018,2000-01-18T00:00:00+00:00,1,False,329.0,52.0,0.0,0.409827760891591,11,0,0,0.0,0.0,0.0,0.0,legacy_frozen_325,train
R01,R01,R01-P0019,2000-01-19T00:00:00+00:00,1,False,14.0,4.0,0.0,0.333333333333333,1,0,0,0.0,0.0,0.0,0.0,legacy_frozen_325,train
R01,R01,R01-P0020,2000-01-20T00:00:00+00:00,1,False,14.0,4.0,0.0,0.333333333333333,1,0,0,0.0,0.0,0.0,0.0,legacy_frozen_325,train
R01,R01,R01-P0021,2000-01-21T00:00:00+00:00,1,False,364.0,35.0,0.0,0.497252747252747,8,0,0,0.0,0.0,0.0,0.0,legacy_frozen_325,train
R01,R01,R01-P0022,2000-01-22T00:00:00+00:00,1,False,364.0,35.0,0.0,0.497252747252747,8,0,0,0.0,0.0,0.0,0.0,legacy_frozen_325,train
R01,R01,R01-P0023,2000-01-23T00:00:00+00:00,1,False,453.0,48.0,0.0,0.542126563649742,9,0,0,0.0,0.0,0.1111111111111111,0.5555555555555556,legacy_frozen_325,train
R01,R01,R01-P0024,2000-01-24T00:00:00+00:00,1,False,453.0,48.0,0.0,0.542126563649742,9,0,0,0.0,0.0,0.1111111111111111,0.5555555555555556,legacy_frozen_325,train
R01,R01,R01-P0025,2000-01-25T00:00:00+00:00,1,False,896.0,108.0,1.0,0.702139136904762,18,0,0,0.0,0.0,0.1666666666666666,0.6111111111111112,legacy_frozen_325,train
R01,R01,R01-P0026,2000-01-26T00:00:00+00:00,1,False,761.0,78.0,4.0,0.444283837056505,26,0,0,0.0,0.0,0.0,0.0,legacy_frozen_325,train
R01,R01,R01-P0027,2000-01-27T00:00:00+00:00,1,False,1657.0,184.0,4.0,0.57025749346208,40,0,0,0.0,0.0,0.1,0.25,legacy_frozen_325,train
R01,R01,R01-P0028,2000-01-28T00:00:00+00:00,1,False,2.0,1.0,0.0,0.333333333333333,1,0,0,0.0,0.0,0.0,0.0,legacy_frozen_325,validation
R01,R01,R01-P0029,2000-01-29T00:00:00+00:00,1,False,977.0,188.0,1.0,0.415557830092119,17,0,0,0.0,0.0,0.0,0.0,legacy_frozen_325,validation
R01,R01,R01-P0030,2000-01-30T00:00:00+00:00,1,False,977.0,188.0,1.0,0.415557830092119,17,0,0,0.0,0.0,0.0,0.0,legacy_frozen_325,validation
R01,R01,R01-P0031,2000-01-31T00:00:00+00:00,1,False,467.0,114.0,0.0,0.249750178443968,7,0,0,0.0,0.0,0.0,0.0,legacy_frozen_325,validation
R01,R01,R01-P0032,2000-02-01T00:00:00+00:00,1,False,467.0,114.0,0.0,0.249750178443968,7,0,0,0.0,0.0,0.0,0.0,legacy_frozen_325,validation
R01,R01,R01-P0033,2000-02-02T00:00:00+00:00,1,False,32.0,22.0,0.0,0.197916666666667,4,0,0,0.0,0.0,0.0,0.0,legacy_frozen_325,validation
R01,R01,R01-P0034,2000-02-03T00:00:00+00:00,1,False,32.0,22.0,0.0,0.197916666666667,4,0,0,0.0,0.0,0.0,0.0,legacy_frozen_325,validation
R01,R01,R01-P0035,2000-02-04T00:00:00+00:00,1,False,1448.0,314.0,8.0,0.632329650092081,28,0,0,0.0,0.0,0.0357142857142857,0.3928571428571428,legacy_frozen_325,validation
R01,R01,R01-P0036,2000-02-05T00:00:00+00:00,1,False,1448.0,314.0,8.0,0.632329650092081,28,0,0,0.0,0.0,0.0357142857142857,0.3928571428571428,legacy_frozen_325,validation
R01,R01,R01-P0037,2000-02-06T00:00:00+00:00,1,False,778.0,32.0,2.0,0.494136369200637,12,0,0,0.0,0.0,0.0,0.0,legacy_frozen_325,validation
R01,R01,R01-P0038,2000-02-07T00:00:00+00:00,1,False,916.0,42.0,0.0,0.339838064046579,10,0,1,0.0,0.1,0.0,0.0,legacy_frozen_325,test
R01,R01,R01-P0039,2000-02-08T00:00:00+00:00,1,False,656.0,47.0,0.0,0.340234828687572,11,0,0,0.0,0.0,0.0,0.0,legacy_frozen_325,test
R01,R01,R01-P0040,2000-02-09T00:00:00+00:00,1,False,969.0,150.0,3.0,0.816572152151847,19,0,0,0.0,0.0,0.0526315789473684,0.7894736842105263,legacy_frozen_325,test
R01,R01,R01-P0041,2000-02-10T00:00:00+00:00,1,False,12.0,0.0,0.0,0.25,1,0,0,0.0,0.0,0.0,0.0,legacy_frozen_325,test
R01,R01,R01-P0042,2000-02-11T00:00:00+00:00,1,False,71.0,13.0,0.0,0.166666666666667,3,0,0,0.0,0.0,0.3333333333333333,0.0,legacy_frozen_325,test
R01,R01,R01-P0043,2000-02-12T00:00:00+00:00,1,False,130.0,54.0,0.0,0.217307692307692,7,0,0,0.0,0.0,0.0,0.0,legacy_frozen_325,test
R01,R01,R01-P0044,2000-02-13T00:00:00+00:00,1,False,1166.0,209.0,3.0,0.710850148008574,27,0,0,0.0,0.0,0.074074074074074,0.5555555555555556,legacy_frozen_325,test
R01,R01,R01-P0045,2000-02-14T00:00:00+00:00,1,False,545.0,74.0,0.0,0.441869084025047,15,0,0,0.0,0.0,0.0,0.0,legacy_frozen_325,test
R01,R01,R01-P0046,2000-02-15T00:00:00+00:00,1,False,2.0,1.0,0.0,0.333333333333333,1,0,0,0.0,0.0,0.0,0.0,legacy_frozen_325,test
R01,R01,R01-P0047,2000-02-16T00:00:00+00:00,1,False,547.0,75.0,0.0,0.441472243985955,16,0,0,0.0,0.0,0.0,0.0,legacy_frozen_325,test
R01,R01,R01-P0048,2000-02-17T00:00:00+00:00,1,False,436.0,101.0,0.0,0.450305810397554,10,0,0,0.0,0.0,0.0,0.0,legacy_frozen_325,test
R01,R01,R01-P0049,2000-02-18T00:00:00+00:00,1,False,436.0,101.0,0.0,0.450305810397554,10,0,0,0.0,0.0,0.0,0.0,legacy_frozen_325,test
R01,R01,R01-P0050,2000-02-19T00:00:00+00:00,1,False,34.0,10.0,1.0,0.230882352941177,5,0,0,0.0,0.0,0.0,0.0,legacy_frozen_325,test
R01,R01,R01-P0051,2000-02-20T00:00:00+00:00,1,False,34.0,10.0,1.0,0.230882352941177,5,0,0,0.0,0.0,0.0,0.0,legacy_frozen_325,test
R01,R01,R01-P0052,2000-02-21T00:00:00+00:00,1,False,1432.0,206.0,0.0,0.40832557417753,29,0,0,0.0,0.0,0.0,0.0,legacy_frozen_325,test
R01,R01,R01-P0053,2000-02-22T00:00:00+00:00,1,False,1432.0,206.0,0.0,0.40832557417753,29,0,0,0.0,0.0,0.0,0.0,legacy_frozen_325,test
R02,R02,R02-P0001,2000-01-01T00:00:00+00:00,0,False,410.0,41.0,1.0,0.25420054200542,21,0,0,0.0,0.0,0.0,0.0,legacy_frozen_325,train
R02,R02,R02-P0002,2000-01-02T00:00:00+00:00,0,False,307.0,46.0,1.0,0.176953339819789,14,0,0,0.0,0.0,0.0,0.0,legacy_frozen_325,train
R02,R02,R02-P0003,2000-01-03T00:00:00+00:00,0,False,13.0,13.0,1.0,0.0954545454545454,3,0,0,0.0,0.0,0.0,0.0,legacy_frozen_325,train
R02,R02,R02-P0004,2000-01-04T00:00:00+00:00,0,False,75.0,21.0,1.0,0.118317938100547,6,0,0,0.0,0.0,0.0,0.0,legacy_frozen_325,train
R02,R02,R02-P0005,2000-01-05T00:00:00+00:00,0,False,828.0,91.0,2.0,0.283972056850739,20,0,0,0.0,0.0,0.05,0.0,legacy_frozen_325,train
R02,R02,R02-P0006,2000-01-06T00:00:00+00:00,1,False,562.0,75.0,5.0,0.132677217997503,20,0,0,0.0,0.0,0.05,0.0,legacy_frozen_325,train
R02,R02,R02-P0007,2000-01-07T00:00:00+00:00,1,False,675.0,66.0,7.0,0.133770598077788,19,0,0,0.0,0.0,0.0,0.0,legacy_frozen_325,train
R02,R02,R02-P0008,2000-01-08T00:00:00+00:00,1,False,206.0,48.0,7.0,0.155543297048151,10,0,0,0.0,0.0,0.0,0.0,legacy_frozen_325,train
R02,R02,R02-P0009,2000-01-09T00:00:00+00:00,0,False,25.0,10.0,1.0,0.0880808080808081,2,0,0,0.0,0.0,0.0,0.0,legacy_frozen_325,validation
R02,R02,R02-P0010,2000-01-10T00:00:00+00:00,1,False,293.0,52.0,6.0,0.220575965805205,14,0,0,0.0,0.0,0.0,0.0,legacy_frozen_325,validation
R02,R02,R02-P0011,2000-01-11T00:00:00+00:00,1,False,565.0,153.0,9.0,0.0749278550547763,17,0,0,0.0,0.0,0.0,0.0,legacy_frozen_325,validation
R02,R02,R02-P0012,2000-01-12T00:00:00+00:00,1,False,107.0,59.0,2.0,0.0451949992038531,6,0,0,0.0,0.0,0.0,0.0,legacy_frozen_325,test
R02,R02,R02-P0013,2000-01-13T00:00:00+00:00,0,False,2.0,5.0,4.0,0.05,1,0,0,0.0,0.0,0.0,0.0,legacy_frozen_325,test
R02,R02,R02-P0014,2000-01-14T00:00:00+00:00,0,False,1.0,1.0,3.0,0.0344827586206896,1,0,0,0.0,0.0,0.0,0.0,legacy_frozen_325,test
R02,R02,R02-P0015,2000-01-15T00:00:00+00:00,0,False,8.0,8.0,2.0,0.0169491525423729,1,0,0,0.0,0.0,0.0,0.0,legacy_frozen_325,test
R02,R02,R02-P0016,2000-01-16T00:00:00+00:00,0,False,94.0,17.0,0.0,0.185600303951368,4,0,0,0.0,0.0,0.0,0.0,legacy_frozen_325,test
R02,R02,R02-P0017,2000-01-17T00:00:00+00:00,0,False,2.0,1.0,0.0,0.333333333333333,1,0,0,0.0,0.0,0.0,0.0,legacy_frozen_325,test
R03,R03,R03-P0001,2000-01-01T00:00:00+00:00,1,False,2.0,0.0,0.0,0.5,1,0,0,0.0,0.0,0.0,0.0,legacy_frozen_325,train
R03,R03,R03-P0002,2000-01-02T00:00:00+00:00,1,False,22.0,0.0,2.0,0.5,2,1,0,0.5,0.0,0.0,0.0,legacy_frozen_325,train
R03,R03,R03-P0003,2000-01-03T00:00:00+00:00,1,False,84.0,19.0,0.0,0.529761904761905,3,3,0,1.0,0.0,0.0,0.6666666666666666,legacy_frozen_325,train
R03,R03,R03-P0004,2000-01-04T00:00:00+00:00,1,False,26.0,0.0,0.0,0.25,2,1,0,0.5,0.0,0.0,0.0,legacy_frozen_325,train
R03,R03,R03-P0005,2000-01-05T00:00:00+00:00,1,False,143.0,37.0,0.0,0.431286549707602,8,1,0,0.125,0.0,0.0,0.0,legacy_frozen_325,train
R03,R03,R03-P0006,2000-01-06T00:00:00+00:00,1,False,65.0,23.0,0.0,0.483882783882784,8,0,0,0.0,0.0,0.0,0.0,legacy_frozen_325,validation
R03,R03,R03-P0007,2000-01-07T00:00:00+00:00,0,False,2.0,0.0,0.0,0.125,1,0,0,0.0,0.0,0.0,0.0,legacy_frozen_325,validation
R03,R03,R03-P0008,2000-01-08T00:00:00+00:00,1,False,92.0,28.0,0.0,0.337761674718196,8,1,0,0.125,0.0,0.0,0.0,legacy_frozen_325,test
R03,R03,R03-P0009,2000-01-09T00:00:00+00:00,1,False,39.0,27.0,3.0,0.3,4,1,0,0.25,0.0,0.0,0.0,legacy_frozen_325,test
R03,R03,R03-P0010,2000-01-10T00:00:00+00:00,1,False,584.0,104.0,3.0,0.324803983894893,18,1,0,0.0555555555555555,0.0,0.0,0.0,legacy_frozen_325,test
R04,R04,R04-P0001,2000-01-01T00:00:00+00:00,1,False,94.0,0.0,3.0,0.313426821405545,4,0,4,0.0,1.0,0.0,0.0,legacy_frozen_325,train
R04,R04,R04-P0002,2000-01-02T00:00:00+00:00,1,False,178.0,0.0,4.0,0.244550081628733,4,0,4,0.0,1.0,0.0,0.0,legacy_frozen_325,train
R04,R04,R04-P0003,2000-01-03T00:00:00+00:00,1,False,137.0,0.0,13.0,0.198488008342023,9,0,9,0.0,1.0,0.0,0.0,legacy_frozen_325,train
R04,R04,R04-P0004,2000-01-04T00:00:00+00:00,1,False,254.0,0.0,7.0,0.4750656167979,5,0,5,0.0,1.0,0.0,0.0,legacy_frozen_325,train
R04,R04,R04-P0005,2000-01-05T00:00:00+00:00,1,False,16.0,0.0,4.0,0.371875,3,0,3,0.0,1.0,0.0,0.0,legacy_frozen_325,train
R04,R04,R04-P0006,2000-01-06T00:00:00+00:00,1,False,192.0,0.0,12.0,0.308721934369603,11,0,11,0.0,1.0,0.0,0.0,legacy_frozen_325,train
R04,R04,R04-P0007,2000-01-07T00:00:00+00:00,0,False,2.0,0.0,1.0,0.25,1,0,1,0.0,1.0,0.0,0.0,legacy_frozen_325,train
R04,R04,R04-P0008,2000-01-08T00:00:00+00:00,1,False,6.0,0.0,4.0,0.157407407407407,2,0,2,0.0,1.0,0.0,0.0,legacy_frozen_325,train
R04,R04,R04-P0009,2000-01-09T00:00:00+00:00,1,False,213.0,0.0,11.0,0.249530516431925,6,0,6,0.0,1.0,0.0,0.0,legacy_frozen_325,train
R04,R04,R04-P0010,2000-01-10T00:00:00+00:00,1,False,235.0,0.0,7.0,0.258942617666022,8,0,7,0.0,0.875,0.0,0.0,legacy_frozen_325,validation
R04,R04,R04-P0011,2000-01-11T00:00:00+00:00,1,False,582.0,0.0,10.0,0.404489382324434,7,0,7,0.0,1.0,0.0,0.0,legacy_frozen_325,validation
R04,R04,R04-P0012,2000-01-12T00:00:00+00:00,1,False,270.0,0.0,9.0,0.410978835978836,5,0,5,0.0,1.0,0.0,0.0,legacy_frozen_325,validation
R04,R04,R04-P0013,2000-01-13T00:00:00+00:00,1,False,571.0,0.0,21.0,0.295774159050661,14,0,14,0.0,1.0,0.0,0.0,legacy_frozen_325,validation
R04,R04,R04-P0014,2000-01-14T00:00:00+00:00,1,False,199.0,0.0,7.0,0.233468931961394,5,0,5,0.0,1.0,0.0,0.0,legacy_frozen_325,test
R04,R04,R04-P0015,2000-01-15T00:00:00+00:00,1,False,10396.0,36.0,210.0,0.233137136242061,117,0,112,0.0,0.9572649572649572,0.4700854700854701,0.0598290598290598,legacy_frozen_325,test
R04,R04,R04-P0016,2000-01-16T00:00:00+00:00,0,False,26.0,0.0,9.0,0.162393162393162,5,0,4,0.0,0.8,0.0,0.0,legacy_frozen_325,test
R04,R04,R04-P0017,2000-01-17T00:00:00+00:00,0,False,31.0,0.0,12.0,0.164204364700643,5,0,5,0.0,1.0,0.2,0.0,legacy_frozen_325,test
R04,R04,R04-P0018,2000-01-18T00:00:00+00:00,0,False,340.0,0.0,20.0,0.0843929110105581,5,0,5,0.0,1.0,0.0,0.0,legacy_frozen_325,test
R04,R04,R04-P0019,2000-01-19T00:00:00+00:00,0,False,418.0,1.0,18.0,0.241718807508281,2,0,1,0.0,0.5,0.0,0.0,legacy_frozen_325,test
R05,R05,R05-P0001,2000-01-01T00:00:00+00:00,1,False,255.0,85.0,19.0,0.154203802733215,15,0,0,0.0,0.0,0.0,0.0,legacy_frozen_325,train
R05,R05,R05-P0002,2000-01-02T00:00:00+00:00,1,False,121.0,35.0,12.0,0.123413890975875,7,0,0,0.0,0.0,0.0,0.0,legacy_frozen_325,train
R05,R05,R05-P0003,2000-01-03T00:00:00+00:00,0,False,12.0,1.0,0.0,1.0,1,0,0,0.0,0.0,0.0,1.0,legacy_frozen_325,train
R05,R05,R05-P0004,2000-01-04T00:00:00+00:00,0,False,2977.0,319.0,9.0,0.132447143141634,40,0,0,0.0,0.0,0.0,0.0,legacy_frozen_325,validation
R05,R05,R05-P0005,2000-01-05T00:00:00+00:00,0,False,75.0,53.0,0.0,0.124068302068302,12,0,0,0.0,0.0,0.0,0.0,legacy_frozen_325,validation
R05,R05,R05-P0006,2000-01-06T00:00:00+00:00,1,False,1942.0,277.0,9.0,0.155080805022875,52,0,1,0.0,0.0192307692307692,0.0,0.0,legacy_frozen_325,test
R05,R05,R05-P0007,2000-01-07T00:00:00+00:00,0,False,174.0,5.0,0.0,0.490147783251231,17,0,0,0.0,0.0,0.0,0.0,legacy_frozen_325,test
R05,R05,R05-P0008,2000-01-08T00:00:00+00:00,0,False,11.0,18.0,10.0,0.0750891265597148,5,0,0,0.0,0.0,0.0,0.0,legacy_frozen_325,test
R06,R06,R06-P0001,2000-01-01T00:00:00+00:00,1,False,102.0,10.0,0.0,1.0,9,0,0,0.0,0.0,0.0,1.0,legacy_frozen_325,train
R06,R06,R06-P0002,2000-01-02T00:00:00+00:00,1,False,45.0,8.0,0.0,1.0,2,0,0,0.0,0.0,0.0,1.0,legacy_frozen_325,train
R06,R06,R06-P0003,2000-01-03T00:00:00+00:00,0,False,14.0,5.0,0.0,1.0,1,0,0,0.0,0.0,0.0,1.0,legacy_frozen_325,train
R06,R06,R06-P0004,2000-01-04T00:00:00+00:00,1,False,34.0,8.0,0.0,1.0,2,0,0,0.0,0.0,0.0,1.0,legacy_frozen_325,validation
R06,R06,R06-P0005,2000-01-05T00:00:00+00:00,0,False,129.0,11.0,0.0,1.0,4,0,0,0.0,0.0,0.0,1.0,legacy_frozen_325,validation
R06,R06,R06-P0006,2000-01-06T00:00:00+00:00,0,False,11.0,2.0,0.0,1.0,4,0,0,0.0,0.0,0.0,1.0,legacy_frozen_325,test
R06,R06,R06-P0007,2000-01-07T00:00:00+00:00,0,False,21.0,1.0,1.0,1.0,3,0,0,0.0,0.0,0.0,1.0,legacy_frozen_325,test
R06,R06,R06-P0008,2000-01-08T00:00:00+00:00,0,False,7.0,6.0,1.0,0.5,2,0,0,0.0,0.0,0.0,0.0,legacy_frozen_325,test
R07,R07,R07-P0001,2000-01-01T00:00:00+00:00,0,False,135.0,31.0,0.0,1.0,5,0,0,0.0,0.0,0.0,1.0,legacy_frozen_325,train
R07,R07,R07-P0002,2000-01-02T00:00:00+00:00,0,False,355.0,73.0,6.0,1.0,14,0,0,0.0,0.0,0.0,1.0,legacy_frozen_325,train
R07,R07,R07-P0003,2000-01-03T00:00:00+00:00,0,False,162.0,57.0,6.0,1.0,13,0,0,0.0,0.0,0.0,1.0,legacy_frozen_325,train
R07,R07,R07-P0004,2000-01-04T00:00:00+00:00,0,False,120.0,26.0,4.0,1.0,7,0,0,0.0,0.0,0.0,1.0,legacy_frozen_325,validation
R07,R07,R07-P0005,2000-01-05T00:00:00+00:00,0,False,89.0,14.0,0.0,1.0,4,0,0,0.0,0.0,0.0,1.0,legacy_frozen_325,test
R07,R07,R07-P0006,2000-01-06T00:00:00+00:00,0,False,85.0,13.0,0.0,1.0,4,0,0,0.0,0.0,0.0,1.0,legacy_frozen_325,test
R08,R08,R08-P0001,2000-01-01T00:00:00+00:00,0,False,7.0,0.0,0.0,1.0,1,0,0,0.0,0.0,0.0,1.0,legacy_frozen_325,train
R08,R08,R08-P0002,2000-01-02T00:00:00+00:00,1,False,4.0,1.0,0.0,1.0,2,0,0,0.0,0.0,0.0,1.0,legacy_frozen_325,train
R08,R08,R08-P0003,2000-01-03T00:00:00+00:00,0,False,10.0,1.0,0.0,1.0,1,0,0,0.0,0.0,0.0,1.0,legacy_frozen_325,train
R08,R08,R08-P0004,2000-01-04T00:00:00+00:00,0,False,4.0,7.0,0.0,0.333333333333333,1,0,0,0.0,0.0,0.0,0.0,legacy_frozen_325,train
R08,R08,R08-P0005,2000-01-05T00:00:00+00:00,1,False,180.0,20.0,0.0,1.0,8,0,0,0.0,0.0,0.0,1.0,legacy_frozen_325,train
R08,R08,R08-P0006,2000-01-06T00:00:00+00:00,1,False,180.0,20.0,0.0,1.0,8,0,0,0.0,0.0,0.0,1.0,legacy_frozen_325,train
R08,R08,R08-P0007,2000-01-07T00:00:00+00:00,1,False,140.0,11.0,0.0,1.0,7,0,0,0.0,0.0,0.0,1.0,legacy_frozen_325,train
R08,R08,R08-P0008,2000-01-08T00:00:00+00:00,1,False,42.0,2.0,2.0,1.0,3,0,1,0.0,0.3333333333333333,0.0,1.0,legacy_frozen_325,train
R08,R08,R08-P0009,2000-01-09T00:00:00+00:00,1,False,154.0,23.0,2.0,1.0,5,0,0,0.0,0.0,0.0,1.0,legacy_frozen_325,train
R08,R08,R08-P0010,2000-01-10T00:00:00+00:00,1,False,211.0,18.0,2.0,1.0,6,0,1,0.0,0.1666666666666666,0.0,1.0,legacy_frozen_325,train
R08,R08,R08-P0011,2000-01-11T00:00:00+00:00,1,False,2037.0,189.0,1.0,0.407020127638684,37,0,5,0.0,0.1351351351351351,0.0,0.0,legacy_frozen_325,train
R08,R08,R08-P0012,2000-01-12T00:00:00+00:00,1,False,2037.0,189.0,1.0,0.407020127638684,37,0,5,0.0,0.1351351351351351,0.0,0.0,legacy_frozen_325,train
R08,R08,R08-P0013,2000-01-13T00:00:00+00:00,1,False,61.0,12.0,8.0,0.459139784946237,13,0,1,0.0,0.0769230769230769,0.0,0.0,legacy_frozen_325,train
R08,R08,R08-P0014,2000-01-14T00:00:00+00:00,1,False,15.0,3.0,0.0,0.25,1,0,0,0.0,0.0,0.0,0.0,legacy_frozen_325,train
R08,R08,R08-P0015,2000-01-15T00:00:00+00:00,1,False,45.0,9.0,0.0,0.333333333333333,5,0,0,0.0,0.0,0.0,0.0,legacy_frozen_325,train
R08,R08,R08-P0016,2000-01-16T00:00:00+00:00,1,False,177.0,28.0,0.0,0.26120527306968,10,0,0,0.0,0.0,0.0,0.0,legacy_frozen_325,train
R08,R08,R08-P0017,2000-01-17T00:00:00+00:00,0,False,8.0,3.0,0.0,0.166666666666667,1,0,0,0.0,0.0,0.0,0.0,legacy_frozen_325,train
R08,R08,R08-P0018,2000-01-18T00:00:00+00:00,0,False,8.0,3.0,0.0,0.166666666666667,1,0,0,0.0,0.0,0.0,0.0,legacy_frozen_325,train
R08,R08,R08-P0019,2000-01-19T00:00:00+00:00,1,False,1782.0,188.0,3.0,0.234128085645713,40,0,0,0.0,0.0,0.425,0.0,legacy_frozen_325,train
R08,R08,R08-P0020,2000-01-20T00:00:00+00:00,1,False,1782.0,188.0,3.0,0.234128085645713,40,0,0,0.0,0.0,0.425,0.0,legacy_frozen_325,train
R08,R08,R08-P0021,2000-01-21T00:00:00+00:00,0,False,8.0,14.0,0.0,0.5,1,0,0,0.0,0.0,0.0,0.0,legacy_frozen_325,train
R08,R08,R08-P0022,2000-01-22T00:00:00+00:00,0,False,8.0,14.0,0.0,0.5,1,0,0,0.0,0.0,0.0,0.0,legacy_frozen_325,train
R08,R08,R08-P0023,2000-01-23T00:00:00+00:00,1,False,102.0,1.0,0.0,0.333333333333333,1,0,0,0.0,0.0,0.0,0.0,legacy_frozen_325,train
R08,R08,R08-P0024,2000-01-24T00:00:00+00:00,1,False,280.0,126.0,0.0,0.355800865800866,28,0,0,0.0,0.0,0.1428571428571428,0.0,legacy_frozen_325,train
R08,R08,R08-P0025,2000-01-25T00:00:00+00:00,1,False,382.0,126.0,0.0,0.349801681738854,28,0,0,0.0,0.0,0.1428571428571428,0.0,legacy_frozen_325,train
R08,R08,R08-P0026,2000-01-26T00:00:00+00:00,1,False,52.0,26.0,0.0,0.25,2,0,0,0.0,0.0,0.0,0.0,legacy_frozen_325,train
R08,R08,R08-P0027,2000-01-27T00:00:00+00:00,1,False,52.0,26.0,0.0,0.25,2,0,0,0.0,0.0,0.0,0.0,legacy_frozen_325,train
R08,R08,R08-P0028,2000-01-28T00:00:00+00:00,0,False,2.0,4.0,0.0,0.333333333333333,1,0,0,0.0,0.0,0.0,0.0,legacy_frozen_325,train
R08,R08,R08-P0029,2000-01-29T00:00:00+00:00,0,False,2.0,4.0,0.0,0.333333333333333,1,0,0,0.0,0.0,0.0,0.0,legacy_frozen_325,train
R08,R08,R08-P0030,2000-01-30T00:00:00+00:00,1,False,2.0,1.0,1.0,0.2,1,0,0,0.0,0.0,0.0,0.0,legacy_frozen_325,train
R08,R08,R08-P0031,2000-01-31T00:00:00+00:00,1,False,2.0,1.0,1.0,0.166666666666667,1,0,0,0.0,0.0,0.0,0.0,legacy_frozen_325,train
R08,R08,R08-P0032,2000-02-01T00:00:00+00:00,0,False,2.0,14.0,0.0,0.25,1,0,0,0.0,0.0,0.0,0.0,legacy_frozen_325,train
R08,R08,R08-P0033,2000-02-02T00:00:00+00:00,0,False,2.0,14.0,0.0,0.25,1,0,0,0.0,0.0,0.0,0.0,legacy_frozen_325,train
R08,R08,R08-P0034,2000-02-03T00:00:00+00:00,1,False,56.0,30.0,0.0,1.0,3,0,0,0.0,0.0,0.0,1.0,legacy_frozen_325,train
R08,R08,R08-P0035,2000-02-04T00:00:00+00:00,1,False,2612.0,443.0,6.0,0.268850394118388,65,0,1,0.0,0.0153846153846153,0.0,0.0,legacy_frozen_325,train
R08,R08,R08-P0036,2000-02-05T00:00:00+00:00,1,False,2612.0,443.0,6.0,0.268850394118388,65,0,1,0.0,0.0153846153846153,0.0,0.0,legacy_frozen_325,train
R08,R08,R08-P0037,2000-02-06T00:00:00+00:00,1,False,2700.0,449.0,6.0,0.230156525573192,65,0,1,0.0,0.0153846153846153,0.0,0.0,legacy_frozen_325,train
R08,R08,R08-P0038,2000-02-07T00:00:00+00:00,1,False,825.0,163.0,8.0,0.376292929292929,31,0,0,0.0,0.0,0.0,0.0,legacy_frozen_325,train
R08,R08,R08-P0039,2000-02-08T00:00:00+00:00,1,False,825.0,163.0,8.0,0.389835497835498,31,0,0,0.0,0.0,0.0,0.0,legacy_frozen_325,train
R08,R08,R08-P0040,2000-02-09T00:00:00+00:00,1,False,1434.0,159.0,7.0,0.443765613744693,41,0,0,0.0,0.0,0.0,0.0,legacy_frozen_325,train
R08,R08,R08-P0041,2000-02-10T00:00:00+00:00,1,False,24.0,13.0,2.0,0.256944444444444,3,0,0,0.0,0.0,0.0,0.0,legacy_frozen_325,train
R08,R08,R08-P0042,2000-02-11T00:00:00+00:00,1,False,1428.0,159.0,7.0,0.409288715486194,41,0,0,0.0,0.0,0.0,0.0,legacy_frozen_325,train
R08,R08,R08-P0043,2000-02-12T00:00:00+00:00,1,False,238.0,38.0,1.0,0.291176470588235,10,0,0,0.0,0.0,0.0,0.0,legacy_frozen_325,train
R08,R08,R08-P0044,2000-02-13T00:00:00+00:00,1,False,238.0,38.0,1.0,0.274789915966386,10,0,0,0.0,0.0,0.0,0.0,legacy_frozen_325,train
R08,R08,R08-P0045,2000-02-14T00:00:00+00:00,1,False,1166.0,199.0,11.0,0.290228044021809,41,0,0,0.0,0.0,0.0,0.0,legacy_frozen_325,train
R08,R08,R08-P0046,2000-02-15T00:00:00+00:00,1,False,1166.0,199.0,11.0,0.290228044021809,41,0,0,0.0,0.0,0.0,0.0,legacy_frozen_325,train
R08,R08,R08-P0047,2000-02-16T00:00:00+00:00,0,False,22.0,0.0,0.0,0.0833333333333333,1,0,0,0.0,0.0,0.0,0.0,legacy_frozen_325,train
R08,R08,R08-P0048,2000-02-17T00:00:00+00:00,1,False,2.0,0.0,2.0,0.0555555555555556,1,0,0,0.0,0.0,0.0,0.0,legacy_frozen_325,train
R08,R08,R08-P0049,2000-02-18T00:00:00+00:00,1,False,2.0,0.0,2.0,0.0526315789473684,1,0,0,0.0,0.0,0.0,0.0,legacy_frozen_325,train
R08,R08,R08-P0050,2000-02-19T00:00:00+00:00,1,False,4.0,3.0,0.0,0.171428571428572,2,0,0,0.0,0.0,0.0,0.0,legacy_frozen_325,train
R08,R08,R08-P0051,2000-02-20T00:00:00+00:00,1,False,4.0,3.0,0.0,0.171428571428572,2,0,0,0.0,0.0,0.0,0.0,legacy_frozen_325,train
R08,R08,R08-P0052,2000-02-21T00:00:00+00:00,1,False,156.0,21.0,4.0,0.129558404558405,6,0,0,0.0,0.0,0.0,0.0,legacy_frozen_325,train
R08,R08,R08-P0053,2000-02-22T00:00:00+00:00,1,False,8.0,10.0,4.0,0.0541666666666666,2,0,0,0.0,0.0,0.0,0.0,legacy_frozen_325,train
R08,R08,R08-P0054,2000-02-23T00:00:00+00:00,1,False,30.0,7.0,2.0,0.123761423761424,5,0,0,0.0,0.0,0.0,0.0,legacy_frozen_325,train
R08,R08,R08-P0055,2000-02-24T00:00:00+00:00,1,False,156.0,21.0,2.0,0.116693491693492,5,0,0,0.0,0.0,0.0,0.0,legacy_frozen_325,train
R08,R08,R08-P0056,2000-02-25T00:00:00+00:00,1,False,223.0,26.0,2.0,0.147324461786345,11,0,0,0.0,0.0,0.0,0.0,legacy_frozen_325,train
R08,R08,R08-P0057,2000-02-26T00:00:00+00:00,1,False,223.0,26.0,2.0,0.147324461786345,11,0,0,0.0,0.0,0.0,0.0,legacy_frozen_325,train
R08,R08,R08-P0058,2000-02-27T00:00:00+00:00,1,False,182.0,236.0,6.0,0.180976532624884,16,0,0,0.0,0.0,0.0,0.0,legacy_frozen_325,train
R08,R08,R08-P0059,2000-02-28T00:00:00+00:00,1,False,182.0,236.0,6.0,0.180976532624884,16,0,0,0.0,0.0,0.0,0.0,legacy_frozen_325,train
R08,R08,R08-P0060,2000-02-29T00:00:00+00:00,1,False,4.0,21.0,2.0,0.154761904761905,2,0,0,0.0,0.0,0.0,0.0,legacy_frozen_325,train
R08,R08,R08-P0061,2000-03-01T00:00:00+00:00,1,False,4.0,21.0,2.0,0.154761904761905,2,0,0,0.0,0.0,0.0,0.0,legacy_frozen_325,train
R08,R08,R08-P0062,2000-03-02T00:00:00+00:00,1,False,68.0,24.0,0.0,0.143090569561158,5,0,0,0.0,0.0,0.0,0.0,legacy_frozen_325,train
R08,R08,R08-P0063,2000-03-03T00:00:00+00:00,1,False,19.0,36.0,2.0,0.158834586466165,3,0,0,0.0,0.0,0.0,0.0,legacy_frozen_325,train
R08,R08,R08-P0064,2000-03-04T00:00:00+00:00,1,False,85.0,55.0,2.0,0.143534080298786,7,0,0,0.0,0.0,0.0,0.0,legacy_frozen_325,train
R08,R08,R08-P0065,2000-03-05T00:00:00+00:00,1,False,22.0,7.0,3.0,0.078168044077135,2,0,0,0.0,0.0,0.0,0.0,legacy_frozen_325,train
R08,R08,R08-P0066,2000-03-06T00:00:00+00:00,1,False,22.0,7.0,3.0,0.078168044077135,2,0,0,0.0,0.0,0.0,0.0,legacy_frozen_325,train
R08,R08,R08-P0067,2000-03-07T00:00:00+00:00,1,False,205.0,33.0,4.0,0.412410240872595,9,0,0,0.0,0.0,0.0,0.0,legacy_frozen_325,train
R08,R08,R08-P0068,2000-03-08T00:00:00+00:00,1,False,205.0,33.0,4.0,0.412410240872595,9,0,0,0.0,0.0,0.0,0.0,legacy_frozen_325,train
R08,R08,R08-P0069,2000-03-09T00:00:00+00:00,1,False,3417.0,568.0,16.0,0.230613146105378,78,0,0,0.0,0.0,0.0,0.0,legacy_frozen_325,train
R08,R08,R08-P0070,2000-03-10T00:00:00+00:00,1,False,630.0,107.0,3.0,0.197627407865503,27,0,0,0.0,0.0,0.0,0.0,legacy_frozen_325,train
R08,R08,R08-P0071,2000-03-11T00:00:00+00:00,1,False,630.0,107.0,3.0,0.197627407865503,27,0,0,0.0,0.0,0.0,0.0,legacy_frozen_325,train
R08,R08,R08-P0072,2000-03-12T00:00:00+00:00,0,False,15.0,1.0,0.0,0.2,1,0,0,0.0,0.0,0.0,0.0,legacy_frozen_325,train
R08,R08,R08-P0073,2000-03-13T00:00:00+00:00,0,False,15.0,1.0,0.0,0.2,1,0,0,0.0,0.0,0.0,0.0,legacy_frozen_325,train
R08,R08,R08-P0074,2000-03-14T00:00:00+00:00,1,False,29.0,2.0,0.0,0.133620689655172,2,0,0,0.0,0.0,0.0,0.0,legacy_frozen_325,train
R08,R08,R08-P0075,2000-03-15T00:00:00+00:00,1,False,29.0,2.0,0.0,0.133620689655172,2,0,0,0.0,0.0,0.0,0.0,legacy_frozen_325,train
R08,R08,R08-P0076,2000-03-16T00:00:00+00:00,1,False,35.0,15.0,0.0,0.2,2,0,0,0.0,0.0,0.0,0.0,legacy_frozen_325,train
R08,R08,R08-P0077,2000-03-17T00:00:00+00:00,1,False,35.0,15.0,0.0,0.2,2,0,0,0.0,0.0,0.0,0.0,legacy_frozen_325,train
R08,R08,R08-P0078,2000-03-18T00:00:00+00:00,1,False,817.0,104.0,3.0,0.0388240674865636,15,0,1,0.0,0.0666666666666666,0.4,0.0,legacy_frozen_325,train
R08,R08,R08-P0079,2000-03-19T00:00:00+00:00,1,False,817.0,104.0,3.0,0.0388240674865636,15,0,1,0.0,0.0666666666666666,0.4,0.0,legacy_frozen_325,train
R08,R08,R08-P0080,2000-03-20T00:00:00+00:00,1,False,6.0,8.0,0.0,0.0909090909090909,1,0,0,0.0,0.0,0.0,0.0,legacy_frozen_325,train
R08,R08,R08-P0081,2000-03-21T00:00:00+00:00,1,False,6.0,8.0,0.0,0.0833333333333333,1,0,0,0.0,0.0,0.0,0.0,legacy_frozen_325,train
R08,R08,R08-P0082,2000-03-22T00:00:00+00:00,1,False,6.0,8.0,0.0,0.0833333333333333,1,0,0,0.0,0.0,0.0,0.0,legacy_frozen_325,train
R08,R08,R08-P0083,2000-03-23T00:00:00+00:00,0,False,59.0,11.0,2.0,0.338983050847457,2,0,0,0.0,0.0,0.0,0.0,legacy_frozen_325,train
R08,R08,R08-P0084,2000-03-24T00:00:00+00:00,0,False,59.0,11.0,2.0,0.252824858757062,2,0,0,0.0,0.0,0.0,0.0,legacy_frozen_325,train
R08,R08,R08-P0085,2000-03-25T00:00:00+00:00,1,False,38.0,4.0,2.0,0.305263157894737,4,0,0,0.0,0.0,0.0,0.0,legacy_frozen_325,train
R08,R08,R08-P0086,2000-03-26T00:00:00+00:00,1,False,38.0,4.0,2.0,0.305263157894737,4,0,0,0.0,0.0,0.0,0.0,legacy_frozen_325,train
R08,R08,R08-P0087,2000-03-27T00:00:00+00:00,1,False,1557.0,243.0,8.0,0.113632149460224,47,0,1,0.0,0.0212765957446808,0.1276595744680851,0.0,legacy_frozen_325,train
R08,R08,R08-P0088,2000-03-28T00:00:00+00:00,1,False,478.0,48.0,0.0,0.26663179916318,11,0,0,0.0,0.0,0.0,0.0909090909090909,legacy_frozen_325,train
R08,R08,R08-P0089,2000-03-29T00:00:00+00:00,1,False,478.0,48.0,0.0,0.199101491256303,11,0,0,0.0,0.0,0.0,0.0,legacy_frozen_325,train
R08,R08,R08-P0090,2000-03-30T00:00:00+00:00,1,False,478.0,48.0,0.0,0.199101491256303,11,0,0,0.0,0.0,0.0,0.0,legacy_frozen_325,train
R08,R08,R08-P0091,2000-03-31T00:00:00+00:00,1,False,1781.0,190.0,3.0,0.128754218830019,9,0,0,0.0,0.0,0.0,0.0,legacy_frozen_325,train
R08,R08,R08-P0092,2000-04-01T00:00:00+00:00,1,False,1781.0,190.0,3.0,0.113969769079258,9,0,0,0.0,0.0,0.0,0.0,legacy_frozen_325,train
R08,R08,R08-P0093,2000-04-02T00:00:00+00:00,1,False,1229.0,93.0,4.0,0.0937927338008705,9,0,0,0.0,0.0,0.0,0.0,legacy_frozen_325,train
R08,R08,R08-P0094,2000-04-03T00:00:00+00:00,1,False,1227.0,93.0,2.0,0.0856746079239967,8,0,0,0.0,0.0,0.0,0.0,legacy_frozen_325,train
R08,R08,R08-P0095,2000-04-04T00:00:00+00:00,0,False,345.0,37.0,2.0,0.164541062801933,2,0,0,0.0,0.0,0.0,0.0,legacy_frozen_325,train
R08,R08,R08-P0096,2000-04-05T00:00:00+00:00,0,False,345.0,37.0,2.0,0.14120082815735,2,0,0,0.0,0.0,0.0,0.0,legacy_frozen_325,train
R08,R08,R08-P0097,2000-04-06T00:00:00+00:00,1,False,737.0,68.0,1.0,0.0525102457777341,8,0,0,0.0,0.0,0.625,0.0,legacy_frozen_325,train
R08,R08,R08-P0098,2000-04-07T00:00:00+00:00,1,False,737.0,68.0,1.0,0.184401683044831,8,0,0,0.0,0.0,0.0,0.0,legacy_frozen_325,train
R08,R08,R08-P0099,2000-04-08T00:00:00+00:00,1,False,3331.0,252.0,2.0,0.126904301237185,40,0,1,0.0,0.025,0.35,0.0,legacy_frozen_325,train
R08,R08,R08-P0100,2000-04-09T00:00:00+00:00,1,False,3341.0,251.0,2.0,0.263940354766455,40,0,1,0.0,0.025,0.0,0.0,legacy_frozen_325,train
R08,R08,R08-P0101,2000-04-10T00:00:00+00:00,1,False,53.0,21.0,1.0,0.483490566037736,6,0,0,0.0,0.0,0.0,0.0,legacy_frozen_325,train
R08,R08,R08-P0102,2000-04-11T00:00:00+00:00,1,False,53.0,21.0,1.0,0.322974472807991,6,0,0,0.0,0.0,0.0,0.0,legacy_frozen_325,train
R08,R08,R08-P0103,2000-04-12T00:00:00+00:00,0,False,2.0,1.0,0.0,0.1,1,0,0,0.0,0.0,0.0,0.0,legacy_frozen_325,train
R08,R08,R08-P0104,2000-04-13T00:00:00+00:00,0,False,2.0,1.0,0.0,0.0909090909090909,1,0,0,0.0,0.0,0.0,0.0,legacy_frozen_325,train
R08,R08,R08-P0105,2000-04-14T00:00:00+00:00,1,False,472.0,22.0,3.0,0.136921702425192,18,0,0,0.0,0.0,0.0555555555555555,0.0,legacy_frozen_325,train
R08,R08,R08-P0106,2000-04-15T00:00:00+00:00,1,False,472.0,22.0,3.0,0.150593250911048,18,0,0,0.0,0.0,0.0,0.0,legacy_frozen_325,train
R08,R08,R08-P0107,2000-04-16T00:00:00+00:00,0,False,1.0,1.0,0.0,0.0666666666666667,1,0,0,0.0,0.0,0.0,0.0,legacy_frozen_325,validation
R08,R08,R08-P0108,2000-04-17T00:00:00+00:00,1,False,28.0,2.0,3.0,0.128826530612245,3,0,0,0.0,0.0,0.0,0.0,legacy_frozen_325,validation
R08,R08,R08-P0109,2000-04-18T00:00:00+00:00,1,False,154.0,18.0,2.0,0.587662337662338,4,0,0,0.0,0.0,0.0,0.25,legacy_frozen_325,validation
R08,R08,R08-P0110,2000-04-19T00:00:00+00:00,1,False,154.0,18.0,2.0,0.349455142558591,4,0,0,0.0,0.0,0.0,0.0,legacy_frozen_325,validation
R08,R08,R08-P0111,2000-04-20T00:00:00+00:00,0,False,14.0,6.0,0.0,0.333333333333333,1,0,0,0.0,0.0,0.0,0.0,legacy_frozen_325,validation
R08,R08,R08-P0112,2000-04-21T00:00:00+00:00,1,False,724.0,96.0,4.0,0.463533577751186,9,0,0,0.0,0.0,0.0,0.0,legacy_frozen_325,validation
R08,R08,R08-P0113,2000-04-22T00:00:00+00:00,1,False,724.0,96.0,4.0,0.463533577751186,9,0,0,0.0,0.0,0.0,0.0,legacy_frozen_325,validation
R08,R08,R08-P0114,2000-04-23T00:00:00+00:00,1,False,122.0,26.0,3.0,0.406795346377578,6,0,0,0.0,0.0,0.0,0.0,legacy_frozen_325,validation
R08,R08,R08-P0115,2000-04-24T00:00:00+00:00,1,False,23.0,5.0,0.0,0.5,1,0,0,0.0,0.0,0.0,0.0,legacy_frozen_325,validation
R08,R08,R08-P0116,2000-04-25T00:00:00+00:00,1,False,139.0,27.0,2.0,0.411420863309352,6,0,0,0.0,0.0,0.0,0.0,legacy_frozen_325,validation
R08,R08,R08-P0117,2000-04-26T00:00:00+00:00,1,False,8744.0,729.0,9.0,0.197492849972407,68,0,1,0.0,0.0147058823529411,0.0,0.0,legacy_frozen_325,validation
R08,R08,R08-P0118,2000-04-27T00:00:00+00:00,1,False,1485.0,74.0,1.0,0.470405643738977,7,0,0,0.0,0.0,0.0,0.0,legacy_frozen_325,validation
R08,R08,R08-P0119,2000-04-28T00:00:00+00:00,1,False,1485.0,74.0,1.0,0.318069584736251,7,0,0,0.0,0.0,0.0,0.0,legacy_frozen_325,validation
R08,R08,R08-P0120,2000-04-29T00:00:00+00:00,1,False,834.0,91.0,3.0,0.182084332533973,8,0,0,0.0,0.0,0.0,0.0,legacy_frozen_325,validation
R08,R08,R08-P0121,2000-04-30T00:00:00+00:00,1,False,834.0,91.0,3.0,0.150766053823608,8,0,0,0.0,0.0,0.0,0.0,legacy_frozen_325,validation
R08,R08,R08-P0122,2000-05-01T00:00:00+00:00,0,False,16.0,1.0,0.0,0.25,1,0,0,0.0,0.0,0.0,0.0,legacy_frozen_325,validation
R08,R08,R08-P0123,2000-05-02T00:00:00+00:00,1,False,34.0,24.0,1.0,0.187254901960784,2,0,0,0.0,0.0,0.0,0.0,legacy_frozen_325,validation
R08,R08,R08-P0124,2000-05-03T00:00:00+00:00,1,False,16.0,24.0,1.0,0.163690476190476,2,0,0,0.0,0.0,0.0,0.0,legacy_frozen_325,validation
R08,R08,R08-P0125,2000-05-04T00:00:00+00:00,1,False,8.0,3.0,0.0,0.125,1,0,0,0.0,0.0,0.0,0.0,legacy_frozen_325,validation
R08,R08,R08-P0126,2000-05-05T00:00:00+00:00,0,False,5.0,9.0,1.0,0.123809523809524,2,0,0,0.0,0.0,0.0,0.0,legacy_frozen_325,validation
R08,R08,R08-P0127,2000-05-06T00:00:00+00:00,1,False,2382.0,158.0,3.0,0.191669665347247,14,0,0,0.0,0.0,0.0,0.0,legacy_frozen_325,validation
R08,R08,R08-P0128,2000-05-07T00:00:00+00:00,1,False,52.0,12.0,0.0,0.5,4,0,0,0.0,0.0,0.0,0.0,legacy_frozen_325,validation
R08,R08,R08-P0129,2000-05-08T00:00:00+00:00,1,False,52.0,12.0,0.0,0.5,4,0,0,0.0,0.0,0.0,0.0,legacy_frozen_325,validation
R08,R08,R08-P0130,2000-05-09T00:00:00+00:00,0,False,10.0,2.0,0.0,0.466666666666667,2,0,0,0.0,0.0,0.0,0.0,legacy_frozen_325,validation
R08,R08,R08-P0131,2000-05-10T00:00:00+00:00,0,False,10.0,2.0,0.0,0.466666666666667,2,0,0,0.0,0.0,0.0,0.0,legacy_frozen_325,validation
R08,R08,R08-P0132,2000-05-11T00:00:00+00:00,1,False,117.0,18.0,2.0,0.5,5,0,0,0.0,0.0,0.0,0.0,legacy_frozen_325,validation
R08,R08,R08-P0133,2000-05-12T00:00:00+00:00,1,False,117.0,18.0,2.0,0.5,5,0,0,0.0,0.0,0.0,0.0,legacy_frozen_325,validation
R08,R08,R08-P0134,2000-05-13T00:00:00+00:00,1,False,56.0,14.0,0.0,0.5,5,0,0,0.0,0.0,0.0,0.0,legacy_frozen_325,validation
R08,R08,R08-P0135,2000-05-14T00:00:00+00:00,1,False,56.0,14.0,0.0,0.5,5,0,0,0.0,0.0,0.0,0.0,legacy_frozen_325,validation
R08,R08,R08-P0136,2000-05-15T00:00:00+00:00,1,False,304.0,34.0,5.0,0.0352554217984261,12,0,0,0.0,0.0,0.4166666666666667,0.0,legacy_frozen_325,validation
R08,R08,R08-P0137,2000-05-16T00:00:00+00:00,1,False,302.0,34.0,3.0,0.0352819477706011,11,0,0,0.0,0.0,0.4545454545454545,0.0,legacy_frozen_325,validation
R08,R08,R08-P0138,2000-05-17T00:00:00+00:00,0,False,76.0,16.0,0.0,0.333333333333333,3,0,0,0.0,0.0,0.0,0.0,legacy_frozen_325,validation
R08,R08,R08-P0139,2000-05-18T00:00:00+00:00,0,False,76.0,16.0,0.0,0.333333333333333,3,0,0,0.0,0.0,0.0,0.0,legacy_frozen_325,validation
R08,R08,R08-P0140,2000-05-19T00:00:00+00:00,1,False,2231.0,209.0,5.0,0.177963861009635,22,0,0,0.0,0.0,0.0454545454545454,0.0,legacy_frozen_325,validation
R08,R08,R08-P0141,2000-05-20T00:00:00+00:00,1,False,2231.0,209.0,5.0,0.145427534420656,22,0,0,0.0,0.0,0.0,0.0,legacy_frozen_325,validation
R08,R08,R08-P0142,2000-05-21T00:00:00+00:00,0,False,10.0,13.0,0.0,0.0555555555555556,1,0,0,0.0,0.0,0.0,0.0,legacy_frozen_325,validation
R08,R08,R08-P0143,2000-05-22T00:00:00+00:00,1,False,70.0,21.0,3.0,0.249464285714286,3,0,0,0.0,0.0,0.0,0.0,legacy_frozen_325,test
R08,R08,R08-P0144,2000-05-23T00:00:00+00:00,1,False,186.0,16.0,0.0,0.16994367639529,4,0,0,0.0,0.0,0.0,0.0,legacy_frozen_325,test
R08,R08,R08-P0145,2000-05-24T00:00:00+00:00,0,False,14.0,1.0,0.0,0.125,1,0,0,0.0,0.0,0.0,0.0,legacy_frozen_325,test
R08,R08,R08-P0146,2000-05-25T00:00:00+00:00,1,False,3094.0,328.0,9.0,0.146832878737639,50,0,0,0.0,0.0,0.08,0.0,legacy_frozen_325,test
R08,R08,R08-P0147,2000-05-26T00:00:00+00:00,0,False,1.0,0.0,0.0,0.5,1,0,0,0.0,0.0,0.0,0.0,legacy_frozen_325,test
R08,R08,R08-P0148,2000-05-27T00:00:00+00:00,0,False,28.0,4.0,0.0,0.5,1,0,0,0.0,0.0,0.0,0.0,legacy_frozen_325,test
R08,R08,R08-P0149,2000-05-28T00:00:00+00:00,0,False,29.0,4.0,0.0,0.5,2,0,0,0.0,0.0,0.0,0.0,legacy_frozen_325,test
R08,R08,R08-P0150,2000-05-29T00:00:00+00:00,1,False,2.0,2.0,0.0,0.333333333333333,2,0,0,0.0,0.0,0.0,0.0,legacy_frozen_325,test
R08,R08,R08-P0151,2000-05-30T00:00:00+00:00,1,False,2.0,2.0,0.0,0.333333333333333,2,0,0,0.0,0.0,0.0,0.0,legacy_frozen_325,test
R08,R08,R08-P0152,2000-05-31T00:00:00+00:00,0,False,1.0,1.0,0.0,0.25,1,0,0,0.0,0.0,0.0,0.0,legacy_frozen_325,test
R08,R08,R08-P0153,2000-06-01T00:00:00+00:00,0,False,1.0,1.0,0.0,0.25,1,0,0,0.0,0.0,0.0,0.0,legacy_frozen_325,test
R08,R08,R08-P0154,2000-06-02T00:00:00+00:00,0,False,7.0,1.0,0.0,0.125,1,0,0,0.0,0.0,0.0,0.0,legacy_frozen_325,test
R08,R08,R08-P0155,2000-06-03T00:00:00+00:00,0,False,10.0,3.0,0.0,0.174166666666667,3,0,0,0.0,0.0,0.0,0.0,legacy_frozen_325,test
R08,R08,R08-P0156,2000-06-04T00:00:00+00:00,1,False,63.0,8.0,3.0,0.0476190476190476,1,0,0,0.0,0.0,0.0,0.0,legacy_frozen_325,test
R08,R08,R08-P0157,2000-06-05T00:00:00+00:00,1,False,63.0,8.0,3.0,0.0476190476190476,1,0,0,0.0,0.0,0.0,0.0,legacy_frozen_325,test
R08,R08,R08-P0158,2000-06-06T00:00:00+00:00,1,False,32.0,17.0,0.0,0.068359375,2,0,0,0.0,0.0,0.0,0.0,legacy_frozen_325,test
R08,R08,R08-P0159,2000-06-07T00:00:00+00:00,1,False,32.0,17.0,0.0,0.068359375,2,0,0,0.0,0.0,0.0,0.0,legacy_frozen_325,test
R08,R08,R08-P0160,2000-06-08T00:00:00+00:00,1,False,4.0,3.0,0.0,0.0588235294117647,1,0,0,0.0,0.0,0.0,0.0,legacy_frozen_325,test
R08,R08,R08-P0161,2000-06-09T00:00:00+00:00,1,False,4.0,3.0,0.0,0.0588235294117647,1,0,0,0.0,0.0,0.0,0.0,legacy_frozen_325,test
R08,R08,R08-P0162,2000-06-10T00:00:00+00:00,1,False,31.0,26.0,3.0,0.0476190476190476,1,0,0,0.0,0.0,0.0,0.0,legacy_frozen_325,test
R08,R08,R08-P0163,2000-06-11T00:00:00+00:00,1,False,31.0,26.0,3.0,0.0454545454545455,1,0,0,0.0,0.0,0.0,0.0,legacy_frozen_325,test
R08,R08,R08-P0164,2000-06-12T00:00:00+00:00,1,False,31.0,26.0,3.0,0.0454545454545455,1,0,0,0.0,0.0,0.0,0.0,legacy_frozen_325,test
R08,R08,R08-P0165,2000-06-13T00:00:00+00:00,1,False,16.0,14.0,1.0,0.2,1,0,0,0.0,0.0,0.0,0.0,legacy_frozen_325,test
R08,R08,R08-P0166,2000-06-14T00:00:00+00:00,1,False,16.0,14.0,1.0,0.2,1,0,0,0.0,0.0,0.0,0.0,legacy_frozen_325,test
R08,R08,R08-P0167,2000-06-15T00:00:00+00:00,1,False,16.0,14.0,1.0,0.2,1,0,0,0.0,0.0,0.0,0.0,legacy_frozen_325,test
R08,R08,R08-P0168,2000-06-16T00:00:00+00:00,1,False,9.0,0.0,1.0,0.166666666666667,1,0,0,0.0,0.0,0.0,0.0,legacy_frozen_325,test
R08,R08,R08-P0169,2000-06-17T00:00:00+00:00,1,False,9.0,0.0,1.0,0.166666666666667,1,0,0,0.0,0.0,0.0,0.0,legacy_frozen_325,test
R08,R08,R08-P0170,2000-06-18T00:00:00+00:00,1,False,9.0,0.0,1.0,0.166666666666667,1,0,0,0.0,0.0,0.0,0.0,legacy_frozen_325,test
R08,R08,R08-P0171,2000-06-19T00:00:00+00:00,1,False,3.0,5.0,3.0,0.0434782608695652,1,0,0,0.0,0.0,0.0,0.0,legacy_frozen_325,test
R08,R08,R08-P0172,2000-06-20T00:00:00+00:00,1,False,4.0,8.0,1.0,0.142857142857143,1,0,0,0.0,0.0,0.0,0.0,legacy_frozen_325,test
R08,R08,R08-P0173,2000-06-21T00:00:00+00:00,1,False,11.0,5.0,3.0,0.0416666666666667,1,0,0,0.0,0.0,0.0,0.0,legacy_frozen_325,test
R08,R08,R08-P0174,2000-06-22T00:00:00+00:00,1,False,16.0,13.0,4.0,0.0669642857142858,2,0,0,0.0,0.0,0.0,0.0,legacy_frozen_325,test
R08,R08,R08-P0175,2000-06-23T00:00:00+00:00,1,False,79.0,29.0,1.0,1.0,10,0,0,0.0,0.0,0.0,1.0,legacy_frozen_325,test
R08,R08,R08-P0176,2000-06-24T00:00:00+00:00,1,False,119.0,69.0,6.0,0.113544890052552,11,0,0,0.0,0.0,0.0,0.0,legacy_frozen_325,test
R08,R08,R08-P0177,2000-06-25T00:00:00+00:00,1,False,130.0,71.0,7.0,0.110446121249289,11,0,0,0.0,0.0,0.0,0.0,legacy_frozen_325,test
R08,R08,R08-P0178,2000-06-26T00:00:00+00:00,0,False,18.0,1.0,0.0,0.0526315789473684,1,0,0,0.0,0.0,0.0,0.0,legacy_frozen_325,test
R08,R08,R08-P0179,2000-06-27T00:00:00+00:00,0,False,18.0,1.0,0.0,0.0526315789473684,1,0,0,0.0,0.0,0.0,0.0,legacy_frozen_325,test
R08,R08,R08-P0180,2000-06-28T00:00:00+00:00,1,False,1.0,2.0,1.0,0.0714285714285714,1,0,0,0.0,0.0,0.0,0.0,legacy_frozen_325,test
R08,R08,R08-P0181,2000-06-29T00:00:00+00:00,1,False,1.0,2.0,1.0,0.0714285714285714,1,0,0,0.0,0.0,0.0,0.0,legacy_frozen_325,test
R08,R08,R08-P0182,2000-06-30T00:00:00+00:00,0,False,15.0,1.0,0.0,0.1,1,0,0,0.0,0.0,0.0,0.0,legacy_frozen_325,test
R08,R08,R08-P0183,2000-07-01T00:00:00+00:00,0,False,15.0,1.0,0.0,0.1,1,0,0,0.0,0.0,0.0,0.0,legacy_frozen_325,test
R08,R08,R08-P0184,2000-07-02T00:00:00+00:00,0,False,12.0,4.0,0.0,0.333333333333333,1,0,0,0.0,0.0,0.0,0.0,legacy_frozen_325,test
R08,R08,R08-P0185,2000-07-03T00:00:00+00:00,0,False,12.0,4.0,0.0,0.333333333333333,1,0,0,0.0,0.0,0.0,0.0,legacy_frozen_325,test
R08,R08,R08-P0186,2000-07-04T00:00:00+00:00,0,False,2020.0,226.0,16.0,0.156346092615808,20,0,0,0.0,0.0,0.25,0.0,legacy_frozen_325,test
R08,R08,R08-P0187,2000-07-05T00:00:00+00:00,0,False,2020.0,226.0,16.0,0.237170652634106,20,0,0,0.0,0.0,0.0,0.0,legacy_frozen_325,test
R08,R08,R08-P0188,2000-07-06T00:00:00+00:00,0,False,2020.0,226.0,16.0,0.237170652634106,20,0,0,0.0,0.0,0.0,0.0,legacy_frozen_325,test
R08,R08,R08-P0189,2000-07-07T00:00:00+00:00,0,False,22.0,10.0,1.0,0.0757575757575758,2,0,0,0.0,0.0,0.0,0.0,legacy_frozen_325,test
R08,R08,R08-P0190,2000-07-08T00:00:00+00:00,1,False,130.0,11.0,1.0,0.0912820512820513,6,0,0,0.0,0.0,0.0,0.0,legacy_frozen_325,test
R08,R08,R08-P0191,2000-07-09T00:00:00+00:00,1,False,38.0,8.0,0.0,0.0553752803060282,3,0,0,0.0,0.0,0.0,0.0,legacy_frozen_325,test
R08,R08,R08-P0192,2000-07-10T00:00:00+00:00,1,False,13.0,7.0,0.0,0.05,1,0,0,0.0,0.0,0.0,0.0,legacy_frozen_325,test
R08,R08,R08-P0193,2000-07-11T00:00:00+00:00,0,False,6.0,2.0,4.0,0.0384615384615385,1,0,0,0.0,0.0,0.0,0.0,legacy_frozen_325,test
R08,R08,R08-P0194,2000-07-12T00:00:00+00:00,1,False,57.0,35.0,1.0,0.067412120043699,4,0,0,0.0,0.0,0.0,0.0,legacy_frozen_325,test
R08,R08,R08-P0195,2000-07-13T00:00:00+00:00,0,False,10.0,4.0,0.0,0.0434782608695652,1,0,0,0.0,0.0,0.0,0.0,legacy_frozen_325,test
R08,R08,R08-P0196,2000-07-14T00:00:00+00:00,0,False,385.0,60.0,4.0,0.204298082869512,9,0,0,0.0,0.0,0.0,0.0,legacy_frozen_325,test
R08,R08,R08-P0197,2000-07-15T00:00:00+00:00,0,False,14.0,6.0,4.0,0.111111111111111,1,0,0,0.0,0.0,0.0,0.0,legacy_frozen_325,test
R08,R08,R08-P0198,2000-07-16T00:00:00+00:00,0,False,892.0,119.0,8.0,0.0864158688429989,12,0,0,0.0,0.0,0.0,0.0,legacy_frozen_325,test
R08,R08,R08-P0199,2000-07-17T00:00:00+00:00,0,False,893.0,119.0,8.0,0.0860598807687274,12,0,0,0.0,0.0,0.0,0.0,legacy_frozen_325,test
R08,R08,R08-P0200,2000-07-18T00:00:00+00:00,0,False,895.0,119.0,12.0,0.0861468977949425,13,0,0,0.0,0.0,0.0,0.0,legacy_frozen_325,test
R08,R08,R08-P0201,2000-07-19T00:00:00+00:00,0,False,363.0,30.0,4.0,0.0695883270334681,6,0,0,0.0,0.0,0.0,0.0,legacy_frozen_325,test
R08,R08,R08-P0202,2000-07-20T00:00:00+00:00,0,False,5.0,5.0,4.0,0.0333333333333333,1,0,0,0.0,0.0,0.0,0.0,legacy_frozen_325,test
R08,R08,R08-P0203,2000-07-21T00:00:00+00:00,0,False,41.0,8.0,4.0,0.032258064516129,1,0,0,0.0,0.0,0.0,0.0,legacy_frozen_325,test
R08,R08,R08-P0204,2000-07-22T00:00:00+00:00,0,False,228.0,25.0,4.0,0.05895902951824,6,0,0,0.0,0.0,0.0,0.0,legacy_frozen_325,test
R14,R14,R14-P0001,2000-01-01T00:00:00+00:00,0,False,634.0,34.0,3.0,1.0,40,1,12,0.025,0.3,0.0,1.0,expansion_2026_07,train
R14,R14,R14-P0002,2000-01-02T00:00:00+00:00,0,False,394.0,54.0,4.0,0.4219543147208122,8,0,0,0.0,0.0,0.0,0.0,expansion_2026_07,train
R14,R14,R14-P0003,2000-01-03T00:00:00+00:00,1,False,1527.0,115.0,2.0,1.0,76,0,17,0.0,0.2236842105263158,0.0,1.0,expansion_2026_07,train
R14,R14,R14-P0004,2000-01-04T00:00:00+00:00,0,False,391.0,26.0,4.0,1.0,9,0,2,0.0,0.2222222222222222,0.0,1.0,expansion_2026_07,train
R14,R14,R14-P0005,2000-01-05T00:00:00+00:00,0,False,119.0,11.0,0.0,1.0,10,0,4,0.0,0.4,0.0,1.0,expansion_2026_07,train
R14,R14,R14-P0006,2000-01-06T00:00:00+00:00,0,False,397.0,58.0,1.0,1.0,21,0,5,0.0,0.238095238095238,0.0,1.0,expansion_2026_07,train
R14,R14,R14-P0007,2000-01-07T00:00:00+00:00,0,False,14.0,8.0,0.0,1.0,2,0,0,0.0,0.0,0.0,1.0,expansion_2026_07,train
R14,R14,R14-P0008,2000-01-08T00:00:00+00:00,0,False,47.0,16.0,0.0,1.0,3,0,0,0.0,0.0,0.0,1.0,expansion_2026_07,train
R14,R14,R14-P0009,2000-01-09T00:00:00+00:00,0,False,5.0,7.0,0.0,1.0,1,0,0,0.0,0.0,0.0,1.0,expansion_2026_07,train
R14,R14,R14-P0010,2000-01-10T00:00:00+00:00,0,False,134.0,41.0,3.0,1.0,9,0,0,0.0,0.0,0.0,1.0,expansion_2026_07,train
R14,R14,R14-P0011,2000-01-11T00:00:00+00:00,0,False,10.0,13.0,0.0,1.0,1,0,0,0.0,0.0,0.0,1.0,expansion_2026_07,train
R14,R14,R14-P0012,2000-01-12T00:00:00+00:00,0,False,258.0,25.0,4.0,1.0,11,0,0,0.0,0.0,0.0,1.0,expansion_2026_07,train
R14,R14,R14-P0013,2000-01-13T00:00:00+00:00,0,False,24.0,7.0,0.0,0.5,2,0,0,0.0,0.0,0.0,0.0,expansion_2026_07,train
R14,R14,R14-P0014,2000-01-14T00:00:00+00:00,0,False,155.0,20.0,0.0,1.0,6,0,0,0.0,0.0,0.0,1.0,expansion_2026_07,train
R14,R14,R14-P0015,2000-01-15T00:00:00+00:00,0,False,53.0,13.0,2.0,1.0,4,0,1,0.0,0.25,0.0,1.0,expansion_2026_07,train
R14,R14,R14-P0016,2000-01-16T00:00:00+00:00,0,False,25.0,17.0,1.0,0.5,2,0,0,0.0,0.0,0.0,0.0,expansion_2026_07,train
R14,R14,R14-P0017,2000-01-17T00:00:00+00:00,0,False,2.0,1.0,0.0,0.5,1,0,0,0.0,0.0,0.0,0.0,expansion_2026_07,train
R14,R14,R14-P0018,2000-01-18T00:00:00+00:00,0,False,2.0,1.0,0.0,0.3333333333333333,1,0,0,0.0,0.0,0.0,0.0,expansion_2026_07,train
R14,R14,R14-P0019,2000-01-19T00:00:00+00:00,0,False,3.0,2.0,1.0,1.0,1,0,0,0.0,0.0,0.0,1.0,expansion_2026_07,train
R14,R14,R14-P0020,2000-01-20T00:00:00+00:00,0,False,17.0,14.0,1.0,1.0,3,0,0,0.0,0.0,0.0,1.0,expansion_2026_07,train
R14,R14,R14-P0021,2000-01-21T00:00:00+00:00,0,False,6.0,3.0,0.0,0.4166666666666667,2,0,0,0.0,0.0,0.0,0.0,expansion_2026_07,train
R14,R14,R14-P0022,2000-01-22T00:00:00+00:00,0,False,2.0,1.0,0.0,1.0,1,0,0,0.0,0.0,0.0,1.0,expansion_2026_07,train
R14,R14,R14-P0023,2000-01-23T00:00:00+00:00,0,False,2.0,1.0,0.0,0.3333333333333333,1,0,0,0.0,0.0,0.0,0.0,expansion_2026_07,train
R14,R14,R14-P0024,2000-01-24T00:00:00+00:00,0,False,124.0,13.0,0.0,1.0,3,0,0,0.0,0.0,0.0,1.0,expansion_2026_07,train
R14,R14,R14-P0025,2000-01-25T00:00:00+00:00,0,False,99.0,49.0,1.0,0.303030303030303,7,0,0,0.0,0.0,0.0,0.2857142857142857,expansion_2026_07,train
R14,R14,R14-P0026,2000-01-26T00:00:00+00:00,0,False,50.0,14.0,0.0,1.0,6,0,2,0.0,0.3333333333333333,0.0,1.0,expansion_2026_07,train
R14,R14,R14-P0027,2000-01-27T00:00:00+00:00,1,False,8.0,2.0,0.0,0.5,1,0,0,0.0,0.0,0.0,0.0,expansion_2026_07,train
R14,R14,R14-P0028,2000-01-28T00:00:00+00:00,0,False,14.0,5.0,0.0,0.5,2,0,0,0.0,0.0,0.0,0.0,expansion_2026_07,train
R14,R14,R14-P0029,2000-01-29T00:00:00+00:00,1,False,33.0,3.0,0.0,0.5,2,0,1,0.0,0.5,0.0,0.0,expansion_2026_07,train
R14,R14,R14-P0030,2000-01-30T00:00:00+00:00,0,False,299.0,85.0,1.0,0.4668338907469342,16,0,2,0.0,0.125,0.125,0.0,expansion_2026_07,train
R14,R14,R14-P0031,2000-01-31T00:00:00+00:00,0,False,8.0,2.0,0.0,0.3333333333333333,1,0,0,0.0,0.0,0.0,0.0,expansion_2026_07,train
R14,R14,R14-P0032,2000-02-01T00:00:00+00:00,0,False,24.0,13.0,0.0,0.8958333333333334,2,0,0,0.0,0.0,0.0,0.5,expansion_2026_07,train
R14,R14,R14-P0033,2000-02-02T00:00:00+00:00,0,False,2.0,0.0,0.0,1.0,1,0,0,0.0,0.0,0.0,1.0,expansion_2026_07,train
R14,R14,R14-P0034,2000-02-03T00:00:00+00:00,0,False,14.0,4.0,0.0,0.5,2,0,0,0.0,0.0,0.0,0.0,expansion_2026_07,train
R14,R14,R14-P0035,2000-02-04T00:00:00+00:00,0,False,4.0,8.0,0.0,0.5,1,0,0,0.0,0.0,0.0,0.0,expansion_2026_07,train
R14,R14,R14-P0036,2000-02-05T00:00:00+00:00,0,False,19.0,14.0,0.0,0.5,3,0,0,0.0,0.0,0.0,0.0,expansion_2026_07,train
R14,R14,R14-P0037,2000-02-06T00:00:00+00:00,0,False,14.0,1.0,0.0,0.25,1,0,0,0.0,0.0,0.0,0.0,expansion_2026_07,train
R14,R14,R14-P0038,2000-02-07T00:00:00+00:00,1,False,873.0,133.0,1.0,0.498,44,0,2,0.0,0.0454545454545454,0.0227272727272727,0.0,expansion_2026_07,train
R14,R14,R14-P0039,2000-02-08T00:00:00+00:00,1,False,1662.0,205.0,1.0,0.8463343108504399,116,0,65,0.0,0.5603448275862069,0.1293103448275862,0.8362068965517241,expansion_2026_07,train
R14,R14,R14-P0040,2000-02-09T00:00:00+00:00,1,False,1662.0,205.0,1.0,0.927468230694037,116,0,65,0.0,0.5603448275862069,0.1896551724137931,0.8103448275862069,expansion_2026_07,train
R14,R14,R14-P0041,2000-02-10T00:00:00+00:00,1,False,1335.0,197.0,0.0,0.4214071856287426,70,0,9,0.0,0.1285714285714285,0.0,0.0,expansion_2026_07,train
R14,R14,R14-P0042,2000-02-11T00:00:00+00:00,1,False,1335.0,197.0,0.0,0.4214071856287426,70,0,9,0.0,0.1285714285714285,0.0,0.0,expansion_2026_07,train
R14,R14,R14-P0043,2000-02-12T00:00:00+00:00,1,False,372.0,37.0,0.0,0.3621537086684539,15,0,2,0.0,0.1333333333333333,0.0,0.0,expansion_2026_07,train
R14,R14,R14-P0044,2000-02-13T00:00:00+00:00,0,False,34.0,22.0,0.0,0.2696078431372549,4,0,0,0.0,0.0,0.0,0.0,expansion_2026_07,train
R14,R14,R14-P0045,2000-02-14T00:00:00+00:00,0,False,1611.0,192.0,0.0,0.3828786939450299,78,0,14,0.0,0.1794871794871795,0.0,0.0,expansion_2026_07,train
R14,R14,R14-P0046,2000-02-15T00:00:00+00:00,0,False,22.0,6.0,0.0,0.3977272727272727,3,0,0,0.0,0.0,0.0,0.0,expansion_2026_07,train
R14,R14,R14-P0047,2000-02-16T00:00:00+00:00,0,False,624.0,73.0,0.0,0.3804487179487179,41,0,3,0.0,0.073170731707317,0.0,0.0,expansion_2026_07,train
R14,R14,R14-P0048,2000-02-17T00:00:00+00:00,0,False,5.0,0.0,0.0,0.3333333333333333,1,0,0,0.0,0.0,0.0,0.0,expansion_2026_07,train
R14,R14,R14-P0049,2000-02-18T00:00:00+00:00,0,False,2.0,1.0,0.0,0.25,1,0,0,0.0,0.0,0.0,0.0,expansion_2026_07,validation
R14,R14,R14-P0050,2000-02-19T00:00:00+00:00,0,False,40.0,24.0,0.0,0.185,4,0,0,0.0,0.0,0.0,0.0,expansion_2026_07,validation
R14,R14,R14-P0051,2000-02-20T00:00:00+00:00,0,False,136.0,28.0,0.0,1.0,12,0,0,0.0,0.0,0.0,1.0,expansion_2026_07,validation
R14,R14,R14-P0052,2000-02-21T00:00:00+00:00,0,False,1073.0,84.0,0.0,0.3326210446900102,51,0,9,0.0,0.1764705882352941,0.0,0.0,expansion_2026_07,validation
R14,R14,R14-P0053,2000-02-22T00:00:00+00:00,0,False,20.0,2.0,0.0,0.5,2,0,0,0.0,0.0,0.0,0.0,expansion_2026_07,validation
R14,R14,R14-P0054,2000-02-23T00:00:00+00:00,0,False,211.0,22.0,0.0,0.342219589257504,12,0,0,0.0,0.0,0.0,0.0,expansion_2026_07,validation
R14,R14,R14-P0055,2000-02-24T00:00:00+00:00,0,False,97.0,17.0,0.0,0.3254868270332188,8,0,1,0.0,0.125,0.0,0.0,expansion_2026_07,validation
R14,R14,R14-P0056,2000-02-25T00:00:00+00:00,0,False,738.0,52.0,0.0,0.4387308039747064,41,0,7,0.0,0.1707317073170731,0.0,0.0,expansion_2026_07,validation
R14,R14,R14-P0057,2000-02-26T00:00:00+00:00,0,False,3.0,1.0,0.0,0.3333333333333333,1,0,0,0.0,0.0,0.0,0.0,expansion_2026_07,validation
R14,R14,R14-P0058,2000-02-27T00:00:00+00:00,0,False,464.0,56.0,0.0,0.4849137931034483,23,0,6,0.0,0.2608695652173913,0.0,0.0,expansion_2026_07,validation
R14,R14,R14-P0059,2000-02-28T00:00:00+00:00,0,False,2.0,7.0,0.0,0.5,1,0,0,0.0,0.0,0.0,0.0,expansion_2026_07,validation
R14,R14,R14-P0060,2000-02-29T00:00:00+00:00,0,False,11.0,1.0,0.0,0.5,1,0,0,0.0,0.0,0.0,0.0,expansion_2026_07,validation
R14,R14,R14-P0061,2000-03-01T00:00:00+00:00,0,False,1009.0,256.0,0.0,0.4369012223323422,116,0,0,0.0,0.0,0.0,0.0,expansion_2026_07,validation
R14,R14,R14-P0062,2000-03-02T00:00:00+00:00,0,False,51.0,7.0,0.0,0.3235294117647059,4,0,1,0.0,0.25,0.25,0.0,expansion_2026_07,validation
R14,R14,R14-P0063,2000-03-03T00:00:00+00:00,0,False,340.0,31.0,0.0,0.4335784313725489,22,0,6,0.0,0.2727272727272727,0.0909090909090909,0.0909090909090909,expansion_2026_07,validation
R14,R14,R14-P0064,2000-03-04T00:00:00+00:00,0,False,126.0,12.0,0.0,0.2420634920634921,5,0,0,0.0,0.0,0.0,0.0,expansion_2026_07,validation
R14,R14,R14-P0065,2000-03-05T00:00:00+00:00,0,False,193.0,11.0,0.0,0.2924222797927461,4,0,0,0.0,0.0,0.25,0.0,expansion_2026_07,validation
R14,R14,R14-P0066,2000-03-06T00:00:00+00:00,0,False,4.0,0.0,0.0,0.2291666666666667,2,0,0,0.0,0.0,0.0,0.0,expansion_2026_07,test
R14,R14,R14-P0067,2000-03-07T00:00:00+00:00,0,False,14.0,4.0,0.0,1.0,1,0,0,0.0,0.0,0.0,1.0,expansion_2026_07,test
R14,R14,R14-P0068,2000-03-08T00:00:00+00:00,0,False,14.0,12.0,0.0,0.125,1,0,0,0.0,0.0,0.0,0.0,expansion_2026_07,test
R14,R14,R14-P0069,2000-03-09T00:00:00+00:00,0,False,164.0,16.0,0.0,0.4346457391150128,66,0,30,0.0,0.4545454545454545,0.0151515151515151,0.0,expansion_2026_07,test
R14,R14,R14-P0070,2000-03-10T00:00:00+00:00,0,False,24.0,7.0,0.0,1.0,2,0,0,0.0,0.0,0.0,1.0,expansion_2026_07,test
R14,R14,R14-P0071,2000-03-11T00:00:00+00:00,0,False,86.0,34.0,2.0,0.5,13,0,0,0.0,0.0,0.0,0.0,expansion_2026_07,test
R14,R14,R14-P0072,2000-03-12T00:00:00+00:00,0,False,2.0,1.0,0.0,1.0,1,0,0,0.0,0.0,0.0,1.0,expansion_2026_07,test
R14,R14,R14-P0073,2000-03-13T00:00:00+00:00,0,False,74.0,55.0,0.0,1.0,17,0,0,0.0,0.0,0.0,1.0,expansion_2026_07,test
R14,R14,R14-P0074,2000-03-14T00:00:00+00:00,0,False,71.0,4.0,0.0,0.3110328638497653,9,0,3,0.0,0.3333333333333333,0.0,0.0,expansion_2026_07,test
R14,R14,R14-P0075,2000-03-15T00:00:00+00:00,1,False,1172.0,117.0,1.0,0.4557214637846037,56,0,6,0.0,0.1071428571428571,0.0,0.0,expansion_2026_07,test
R14,R14,R14-P0076,2000-03-16T00:00:00+00:00,0,False,28.0,4.0,0.0,0.3333333333333334,2,0,0,0.0,0.0,0.0,0.0,expansion_2026_07,test
R14,R14,R14-P0077,2000-03-17T00:00:00+00:00,0,False,38.0,14.0,0.0,0.3574561403508771,6,0,0,0.0,0.0,0.0,0.0,expansion_2026_07,test
R14,R14,R14-P0078,2000-03-18T00:00:00+00:00,0,False,27.0,3.0,0.0,0.25,1,0,0,0.0,0.0,0.0,0.0,expansion_2026_07,test
R14,R14,R14-P0079,2000-03-19T00:00:00+00:00,1,False,89.0,27.0,0.0,0.3363295880149813,7,0,0,0.0,0.0,0.0,0.0,expansion_2026_07,test
R14,R14,R14-P0080,2000-03-20T00:00:00+00:00,0,False,2.0,1.0,0.0,0.25,1,0,0,0.0,0.0,0.0,0.0,expansion_2026_07,test
R14,R14,R14-P0081,2000-03-21T00:00:00+00:00,0,False,22.0,14.0,1.0,0.5,5,0,0,0.0,0.0,0.0,0.0,expansion_2026_07,test
R14,R14,R14-P0082,2000-03-22T00:00:00+00:00,0,False,6.0,4.0,0.0,1.0,2,0,0,0.0,0.0,0.0,1.0,expansion_2026_07,test
R14,R14,R14-P0083,2000-03-23T00:00:00+00:00,0,False,18.0,14.0,0.0,0.246969696969697,3,0,0,0.0,0.0,0.0,0.0,expansion_2026_07,test
R14,R14,R14-P0084,2000-03-24T00:00:00+00:00,0,False,23.0,12.0,0.0,0.2,1,0,0,0.0,0.0,0.0,0.0,expansion_2026_07,test
R14,R14,R14-P0085,2000-03-25T00:00:00+00:00,0,False,18.0,13.0,0.0,0.6388888888888888,3,0,0,0.0,0.0,0.3333333333333333,0.3333333333333333,expansion_2026_07,test
R14,R14,R14-P0086,2000-03-26T00:00:00+00:00,0,False,7.0,7.0,0.0,0.3214285714285715,6,0,0,0.0,0.0,0.0,0.0,expansion_2026_07,test
R14,R14,R14-P0087,2000-03-27T00:00:00+00:00,0,False,31.0,8.0,0.0,0.510752688172043,3,0,0,0.0,0.0,0.3333333333333333,0.3333333333333333,expansion_2026_07,test
R14,R14,R14-P0088,2000-03-28T00:00:00+00:00,0,False,18.0,6.0,0.0,0.5,1,0,0,0.0,0.0,0.0,0.0,expansion_2026_07,test
R14,R14,R14-P0089,2000-03-29T00:00:00+00:00,0,False,2.0,1.0,0.0,0.25,1,0,0,0.0,0.0,0.0,0.0,expansion_2026_07,test
R14,R14,R14-P0090,2000-03-30T00:00:00+00:00,0,False,2.0,1.0,0.0,0.5,1,0,0,0.0,0.0,0.0,0.0,expansion_2026_07,test
R14,R14,R14-P0091,2000-03-31T00:00:00+00:00,0,False,6.0,9.0,0.0,0.5,1,0,0,0.0,0.0,0.0,0.0,expansion_2026_07,test
R14,R14,R14-P0092,2000-04-01T00:00:00+00:00,0,False,50.0,18.0,0.0,0.5,7,0,1,0.0,0.1428571428571428,0.0,0.0,expansion_2026_07,test
R14,R14,R14-P0093,2000-04-02T00:00:00+00:00,0,False,5.0,1.0,0.0,1.0,1,0,0,0.0,0.0,0.0,1.0,expansion_2026_07,test
