method,roc_auc,pr_auc,k_at_5,positives_at_5,precision_at_5,recall_at_5,lift_at_5,k_at_10,positives_at_10,precision_at_10,recall_at_10,lift_at_10,k_at_20,positives_at_20,precision_at_20,recall_at_20,lift_at_20
Hybrid Expert + Logistic,0.6878600823045268,0.5548390593017039,12,7,0.5833333333333334,0.07777777777777778,1.4583333333333333,23,13,0.5652173913043478,0.14444444444444443,1.4130434782608694,45,26,0.5777777777777777,0.28888888888888886,1.4444444444444442
C2 Complexity,0.6740329218106996,0.5548198482770351,12,8,0.6666666666666666,0.08888888888888889,1.6666666666666665,23,15,0.6521739130434783,0.16666666666666666,1.6304347826086956,45,27,0.6,0.3,1.4999999999999998
Logistic Context,0.6810288065843622,0.5379612742692127,12,8,0.6666666666666666,0.08888888888888889,1.6666666666666665,23,10,0.43478260869565216,0.1111111111111111,1.0869565217391304,45,22,0.4888888888888889,0.24444444444444444,1.222222222222222
Logistic Code,0.6523045267489712,0.5291468711590283,12,8,0.6666666666666666,0.08888888888888889,1.6666666666666665,23,11,0.4782608695652174,0.12222222222222222,1.1956521739130435,45,24,0.5333333333333333,0.26666666666666666,1.3333333333333333
Expert Code-only,0.6602057613168725,0.526032500056373,12,5,0.4166666666666667,0.05555555555555555,1.0416666666666667,23,13,0.5652173913043478,0.14444444444444443,1.4130434782608694,45,28,0.6222222222222222,0.3111111111111111,1.5555555555555556
Hybrid Expert + Random Forest,0.6477777777777777,0.5123607993693771,12,7,0.5833333333333334,0.07777777777777778,1.4583333333333333,23,11,0.4782608695652174,0.12222222222222222,1.1956521739130435,45,26,0.5777777777777777,0.28888888888888886,1.4444444444444442
Expert DevCARE-SE,0.5418930041152263,0.5108220070613638,12,7,0.5833333333333334,0.07777777777777778,1.4583333333333333,23,13,0.5652173913043478,0.14444444444444443,1.4130434782608694,45,28,0.6222222222222222,0.3111111111111111,1.5555555555555556
C1 Churn,0.6,0.49590429367071,12,7,0.5833333333333334,0.07777777777777778,1.4583333333333333,23,13,0.5652173913043478,0.14444444444444443,1.4130434782608694,45,25,0.5555555555555556,0.2777777777777778,1.3888888888888888
Random Forest Code,0.6202057613168723,0.48927084120475633,12,5,0.4166666666666667,0.05555555555555555,1.0416666666666667,23,12,0.5217391304347826,0.13333333333333333,1.3043478260869563,45,23,0.5111111111111111,0.25555555555555554,1.2777777777777777
C3 Static,0.6191769547325102,0.47932353583078224,12,10,0.8333333333333334,0.1111111111111111,2.0833333333333335,23,15,0.6521739130434783,0.16666666666666666,1.6304347826086956,45,20,0.4444444444444444,0.2222222222222222,1.111111111111111
Random Forest Context,0.6348559670781893,0.4779523197541815,12,4,0.3333333333333333,0.044444444444444446,0.8333333333333333,23,10,0.43478260869565216,0.1111111111111111,1.0869565217391304,45,21,0.4666666666666667,0.23333333333333334,1.1666666666666665
Hybrid Expert + LightGBM,0.6260905349794239,0.4681436426713235,12,4,0.3333333333333333,0.044444444444444446,0.8333333333333333,23,11,0.4782608695652174,0.12222222222222222,1.1956521739130435,45,20,0.4444444444444444,0.2222222222222222,1.111111111111111
LightGBM Context,0.6095884773662552,0.4580712523832695,12,2,0.16666666666666666,0.022222222222222223,0.41666666666666663,23,7,0.30434782608695654,0.07777777777777778,0.7608695652173914,45,21,0.4666666666666667,0.23333333333333334,1.1666666666666665
LightGBM Code,0.5973662551440329,0.45629387042851466,12,5,0.4166666666666667,0.05555555555555555,1.0416666666666667,23,10,0.43478260869565216,0.1111111111111111,1.0869565217391304,45,20,0.4444444444444444,0.2222222222222222,1.111111111111111
C4 Unfamiliarity,0.40148148148148144,0.3573869096480356,12,1,0.08333333333333333,0.011111111111111112,0.20833333333333331,23,8,0.34782608695652173,0.08888888888888889,0.8695652173913043,45,19,0.4222222222222222,0.2111111111111111,1.0555555555555556
