method,macro_roc_auc,macro_pr_auc,valid_repositories
Random Forest Code,0.7905312233405539,0.7757227009154847,8
C1 Churn,0.7842188920218839,0.7650541300330633,8
Random Forest Context,0.7679932432341154,0.7631599811693461,8
Hybrid Expert + Logistic,0.7895712883859436,0.7628952700035204,8
C2 Complexity,0.812245194024479,0.7605587378076127,8
Expert Code-only,0.8005291453250378,0.7595499665709577,8
Hybrid Expert + Random Forest,0.7771656764747535,0.7572521605045972,8
Expert DevCARE-SE,0.754310517209858,0.7389499566522961,8
Logistic Context,0.735621348450963,0.7361407186776326,8
Logistic Code,0.7441279020449914,0.6954343849524748,8
Hybrid Expert + LightGBM,0.7298255461858403,0.6802918012745636,8
LightGBM Context,0.6950397451601813,0.6604857083307524,8
LightGBM Code,0.6358362261189341,0.6005294604726131,8
C3 Static,0.6081984332998531,0.47353800374198857,8
C4 Unfamiliarity,0.4850130114138735,0.4591582364292454,8
